seq,obj_id,mode,degradation,is_compound,level,severity_mean,severity_max,frame_stride,n_frames,J,F,J&F,n_decisions,n_reanchors,tau_score,reseed_stride,n_rejected,n_reseeds,n_encoder_calls,n_predict_failures,wall_time_s,arm,arm_note,bank_size
bike-packing,1,dagrs,fog,0,3.0,3.0022406578063965,3.8971047401428223,1,69,0.5129307117345006,0.4585422402868342,0.4857364760106674,14,2,0.0,0,5,0,134,0,53.39117503166199,A1,equal-weight fusion over the SAME operator set,13
bike-packing,2,dagrs,fog,0,3.0,3.0022406578063965,3.8971047401428223,1,69,0.8187234916205902,0.6514118712834559,0.7350676814520231,14,0,0.0,0,2,0,106,0,40.073230266571045,A1,equal-weight fusion over the SAME operator set,13
blackswan,1,dagrs,fog,0,3.0,3.0,3.898238182067871,1,50,0.9268085578854217,0.7471354540897237,0.8369720059875727,10,0,0.0,0,1,0,79,0,39.52356219291687,A1,equal-weight fusion over the SAME operator set,13
bmx-trees,1,dagrs,fog,0,3.0,3.0,3.8998892307281494,1,80,0.22165634028328696,0.2558550449370295,0.23875569261015822,16,7,0.0,0,15,0,240,0,96.84311532974243,A1,equal-weight fusion over the SAME operator set,13
bmx-trees,2,dagrs,fog,0,3.0,3.0,3.8998892307281494,1,80,0.1459325689266801,0.1502278819839409,0.14808022545531052,16,2,0.0,0,6,0,139,0,51.576879262924194,A1,equal-weight fusion over the SAME operator set,13
breakdance,1,dagrs,fog,0,3.0,3.000000238418579,3.8995096683502197,1,84,0.8670659263703849,0.6675342895976843,0.7673001079840347,17,8,0.0,0,17,0,311,0,119.04220056533813,A1,equal-weight fusion over the SAME operator set,13
camel,1,dagrs,fog,0,3.0,3.0,3.899909496307373,1,90,0.966136272326191,0.8656638616862992,0.9159000670062452,18,0,0.0,0,0,0,135,0,146.77544331550598,A1,equal-weight fusion over the SAME operator set,13
car-roundabout,1,dagrs,fog,0,3.0,3.005295515060425,3.8974721431732178,1,75,0.9092104599394945,0.7385568551541113,0.8238836575468029,15,0,0.0,0,0,0,114,0,53.60371017456055,A1,equal-weight fusion over the SAME operator set,13
car-shadow,1,dagrs,fog,0,3.0,3.0,3.8968522548675537,1,40,0.9750181573379801,0.8635672596598036,0.9192927084988919,8,0,0.0,0,0,0,65,0,29.460673570632935,A1,equal-weight fusion over the SAME operator set,13
cows,1,dagrs,fog,0,3.0,3.0,3.899272918701172,1,104,0.9649007406559332,0.8454762488708762,0.9051884947634048,21,0,0.0,0,0,0,155,0,248.3532371520996,A1,equal-weight fusion over the SAME operator set,13
dance-twirl,1,dagrs,fog,0,3.0,3.0,3.8980700969696045,1,90,0.9061723810744639,0.7271494897674405,0.8166609354209522,18,4,0.0,0,10,0,181,0,74.46804165840149,A1,equal-weight fusion over the SAME operator set,13
dog,1,dagrs,fog,0,3.0,2.999999761581421,3.896777629852295,1,60,0.9425911320049665,0.7235491191050756,0.833070125555021,12,1,0.0,0,4,0,102,0,40.701780557632446,A1,equal-weight fusion over the SAME operator set,13
dogs-jump,1,dagrs,fog,0,3.0,3.000000238418579,3.8983314037323,1,66,0.4456040678703967,0.4139187728036952,0.42976142033704595,14,1,0.0,0,6,0,112,0,67.62672567367554,A1,equal-weight fusion over the SAME operator set,13
dogs-jump,2,dagrs,fog,0,3.0,3.000000238418579,3.8983314037323,1,66,0.10202336795523782,0.10459116162050162,0.10330726478786972,14,2,0.0,0,7,0,121,0,108.94254684448242,A1,equal-weight fusion over the SAME operator set,13
dogs-jump,3,dagrs,fog,0,3.0,3.000000238418579,3.8983314037323,1,66,0.911329115911612,0.8432700572581655,0.8772995865848887,14,1,0.0,0,3,0,112,0,198.35965657234192,A1,equal-weight fusion over the SAME operator set,13
drift-chicane,1,dagrs,fog,0,3.0,2.999999761581421,3.8997039794921875,1,52,0.4611892345530574,0.3344438419871325,0.39781653827009494,11,2,0.0,0,4,0,115,0,84.59557390213013,A1,equal-weight fusion over the SAME operator set,13
drift-straight,1,dagrs,fog,0,3.0,3.0,3.899984836578369,1,50,0.6011046414412448,0.4240528510857704,0.5125787462635076,10,2,0.0,0,6,0,121,0,70.00093674659729,A1,equal-weight fusion over the SAME operator set,13
goat,1,dagrs,fog,0,3.0,3.0,3.8992443084716797,1,90,0.9013731593192017,0.6419568286532803,0.771664993986241,18,1,0.0,0,3,0,154,0,85.59591507911682,A1,equal-weight fusion over the SAME operator set,13
gold-fish,1,dagrs,fog,0,3.0,2.999999761581421,3.899493455886841,1,78,0.836815781122908,0.612637168515222,0.7247264748190649,16,1,0.0,0,6,0,138,0,69.91671299934387,A1,equal-weight fusion over the SAME operator set,13
gold-fish,2,dagrs,fog,0,3.0,2.999999761581421,3.899493455886841,1,78,0.8127722740540411,0.6895417862038931,0.7511570301289671,16,0,0.0,0,2,0,129,0,72.15690469741821,A1,equal-weight fusion over the SAME operator set,13
gold-fish,3,dagrs,fog,0,3.0,2.999999761581421,3.899493455886841,1,78,0.8452447125848951,0.6810011912559782,0.7631229519204367,16,0,0.0,0,1,0,119,0,53.65412783622742,A1,equal-weight fusion over the SAME operator set,13
gold-fish,4,dagrs,fog,0,3.0,2.999999761581421,3.899493455886841,1,78,0.8027392504096392,0.6360187963988675,0.7193790234042534,16,0,0.0,0,0,0,119,0,70.02261209487915,A1,equal-weight fusion over the SAME operator set,13
gold-fish,5,dagrs,fog,0,3.0,2.999999761581421,3.899493455886841,1,78,0.8694659067018304,0.6230300536963228,0.7462479801990767,16,2,0.0,0,4,0,137,0,70.1863694190979,A1,equal-weight fusion over the SAME operator set,13
horsejump-high,1,dagrs,fog,0,3.0,3.0,3.8972883224487305,1,50,0.7714925402850562,0.6733028661636193,0.7223977032243378,10,3,0.0,0,7,0,120,0,155.26288080215454,A1,equal-weight fusion over the SAME operator set,13
horsejump-high,2,dagrs,fog,0,3.0,3.0,3.8972883224487305,1,50,0.8143645499663508,0.7609504361515884,0.7876574930589696,10,1,0.0,0,3,0,102,0,47.86235284805298,A1,equal-weight fusion over the SAME operator set,13
india,1,dagrs,fog,0,3.0,2.988983631134033,3.8996880054473877,1,81,0.43988443453943377,0.31161258009054094,0.3757485073149873,17,4,0.0,0,9,0,160,0,76.99470734596252,A1,equal-weight fusion over the SAME operator set,13
india,2,dagrs,fog,0,3.0,2.988983631134033,3.8996880054473877,1,81,0.5227906384954414,0.3756216850285231,0.44920616176198225,17,3,0.0,0,7,0,151,0,223.64415383338928,A1,equal-weight fusion over the SAME operator set,13
india,3,dagrs,fog,0,3.0,2.988983631134033,3.8996880054473877,1,81,0.6308455071856252,0.47126994413909784,0.5510577256623614,17,2,0.0,0,7,0,142,0,64.07677936553955,A1,equal-weight fusion over the SAME operator set,13
judo,1,dagrs,fog,0,3.0,3.0,3.8968982696533203,1,34,0.890971453103884,0.7533686505018972,0.8221700518028906,7,0,0.0,0,1,0,57,0,71.94475889205933,A1,equal-weight fusion over the SAME operator set,13
judo,2,dagrs,fog,0,3.0,3.0,3.8968982696533203,1,34,0.6859292963294383,0.4854947440552715,0.5857120201923549,7,1,0.0,0,2,0,66,0,48.331764459609985,A1,equal-weight fusion over the SAME operator set,13
kite-surf,1,dagrs,fog,0,3.0,3.0,3.8937995433807373,1,50,0.09141012218998881,0.35080015464138464,0.22110513841568674,10,2,0.0,0,4,0,125,0,69.47737073898315,A1,equal-weight fusion over the SAME operator set,13
kite-surf,2,dagrs,fog,0,3.0,3.0,3.8937995433807373,1,50,0.047574975402088764,0.10839326073767508,0.07798411806988192,10,1,0.0,0,4,0,102,0,50.40176057815552,A1,equal-weight fusion over the SAME operator set,13
kite-surf,3,dagrs,fog,0,3.0,3.0,3.8937995433807373,1,50,0.6587640466152442,0.6231436413518153,0.6409538439835298,10,1,0.0,0,4,0,98,0,43.508864641189575,A1,equal-weight fusion over the SAME operator set,13
lab-coat,1,dagrs,fog,0,3.0,3.017864465713501,3.8959248065948486,1,47,0.062133955102489084,0.170902466302188,0.11651821070233855,10,4,0.0,0,8,0,168,0,71.4263334274292,A1,equal-weight fusion over the SAME operator set,13
lab-coat,2,dagrs,fog,0,3.0,3.017864465713501,3.8959248065948486,1,47,0.09107095708420403,0.2437895093011344,0.16743023319266923,10,4,0.0,0,8,0,168,0,72.67808389663696,A1,equal-weight fusion over the SAME operator set,13
lab-coat,3,dagrs,fog,0,3.0,3.017864465713501,3.8959248065948486,1,47,0.9575394936656539,0.6880616504669658,0.8228005720663099,10,0,0.0,0,0,0,76,0,40.84945583343506,A1,equal-weight fusion over the SAME operator set,13
lab-coat,4,dagrs,fog,0,3.0,3.017864465713501,3.8959248065948486,1,47,0.8965478355478708,0.5128418368370606,0.7046948361924656,10,0,0.0,0,1,0,86,0,39.71411061286926,A1,equal-weight fusion over the SAME operator set,13
lab-coat,5,dagrs,fog,0,3.0,3.017864465713501,3.8959248065948486,1,47,0.9108727890765013,0.6679460655071037,0.7894094272918024,10,0,0.0,0,1,0,86,0,45.54838991165161,A1,equal-weight fusion over the SAME operator set,13
libby,1,dagrs,fog,0,3.0,3.0134084224700928,3.8995115756988525,1,49,0.8660394386686189,0.7759217285917452,0.820980583630182,10,4,0.0,0,9,0,128,0,45.777499198913574,A1,equal-weight fusion over the SAME operator set,13
loading,1,dagrs,fog,0,3.0,3.0,3.8995375633239746,1,50,0.9667956142519232,0.7801283621485237,0.8734619882002235,10,1,0.0,0,3,0,88,0,43.40197253227234,A1,equal-weight fusion over the SAME operator set,13
loading,2,dagrs,fog,0,3.0,3.0,3.8995375633239746,1,50,0.8615762420791835,0.662450111037079,0.7620131765581313,10,2,0.0,0,5,0,97,0,38.56697463989258,A1,equal-weight fusion over the SAME operator set,13
loading,3,dagrs,fog,0,3.0,3.0,3.8995375633239746,1,50,0.9350726237167214,0.8137412531303461,0.8744069384235338,10,1,0.0,0,3,0,88,0,40.651949882507324,A1,equal-weight fusion over the SAME operator set,13
mbike-trick,1,dagrs,fog,0,3.0,2.9896240234375,3.899766206741333,1,79,0.6305517214037472,0.5726039873614084,0.6015778543825778,16,1,0.0,0,3,0,143,0,61.65331149101257,A1,equal-weight fusion over the SAME operator set,13
mbike-trick,2,dagrs,fog,0,3.0,2.9896240234375,3.899766206741333,1,79,0.6506098795643586,0.47472299455305883,0.5626664370587087,16,0,0.0,0,1,0,120,0,111.97514605522156,A1,equal-weight fusion over the SAME operator set,13
motocross-jump,1,dagrs,fog,0,3.0,3.0,3.8983938694000244,1,40,0.3800478249805438,0.30794926247794185,0.3439985437292428,8,2,0.0,0,6,0,93,0,46.478039026260376,A1,equal-weight fusion over the SAME operator set,13
motocross-jump,2,dagrs,fog,0,3.0,3.0,3.8983938694000244,1,40,0.5628722870779506,0.3777846157014111,0.4703284513896808,8,4,0.0,0,8,0,147,0,68.80075764656067,A1,equal-weight fusion over the SAME operator set,13
paragliding-launch,1,dagrs,fog,0,3.0,3.0,3.899968147277832,1,80,0.6014766358176399,0.4022615732209648,0.5018691045193023,16,0,0.0,0,2,0,121,0,57.13519906997681,A1,equal-weight fusion over the SAME operator set,13
paragliding-launch,2,dagrs,fog,0,3.0,3.0,3.899968147277832,1,80,0.3724132814436243,0.5484589382145508,0.46043610982908756,16,1,0.0,0,3,0,144,0,69.27946448326111,A1,equal-weight fusion over the SAME operator set,13
paragliding-launch,3,dagrs,fog,0,3.0,3.0,3.899968147277832,1,80,0.16256348252218486,0.31508350624556464,0.23882349438387473,16,8,0.0,0,16,0,295,0,140.09662461280823,A1,equal-weight fusion over the SAME operator set,13
parkour,1,dagrs,fog,0,3.0,3.000000238418579,3.8995673656463623,1,100,0.8877647938893253,0.77741886610652,0.8325918299979227,20,8,0.0,0,17,0,329,0,154.9600830078125,A1,equal-weight fusion over the SAME operator set,13
pigs,1,dagrs,fog,0,3.0,2.9972586631774902,3.8992199897766113,1,79,0.9044334108236273,0.7194502249356487,0.811941817879638,16,1,0.0,0,4,0,129,0,114.24472665786743,A1,equal-weight fusion over the SAME operator set,13
pigs,2,dagrs,fog,0,3.0,2.9972586631774902,3.8992199897766113,1,79,0.7548381408945488,0.7295845310029023,0.7422113359487256,16,3,0.0,0,8,0,147,0,76.80864977836609,A1,equal-weight fusion over the SAME operator set,13
pigs,3,dagrs,fog,0,3.0,2.9972586631774902,3.8992199897766113,1,79,0.9541169000886858,0.7517643338477032,0.8529406169681946,16,0,0.0,0,0,0,120,0,59.19360542297363,A1,equal-weight fusion over the SAME operator set,13
scooter-black,1,dagrs,fog,0,3.0,2.9869327545166016,3.8900890350341797,1,43,0.31181081255355725,0.3320402515064043,0.32192553202998075,9,2,0.0,0,4,0,116,0,61.155498027801514,A1,equal-weight fusion over the SAME operator set,13
scooter-black,2,dagrs,fog,0,3.0,2.9869327545166016,3.8900890350341797,1,43,0.7267490928790331,0.5497333467334634,0.6382412198062483,9,1,0.0,0,3,0,89,0,48.74284029006958,A1,equal-weight fusion over the SAME operator set,13
shooting,1,dagrs,fog,0,3.0,3.0,3.894073247909546,1,40,0.15153517271583747,0.07248576822193875,0.11201047046888811,8,3,0.0,0,6,0,134,0,72.83587861061096,A1,equal-weight fusion over the SAME operator set,13
shooting,2,dagrs,fog,0,3.0,3.0,3.894073247909546,1,40,0.8342940478904746,0.45004156656024696,0.6421678072253607,8,2,0.0,0,5,0,107,0,54.59713888168335,A1,equal-weight fusion over the SAME operator set,13
shooting,3,dagrs,fog,0,3.0,3.0,3.894073247909546,1,40,0.8732148328062888,0.7543312079064206,0.8137730203563547,8,3,0.0,0,7,0,134,0,63.637385845184326,A1,equal-weight fusion over the SAME operator set,13
soapbox,1,dagrs,fog,0,3.0,3.000358819961548,3.899975299835205,1,99,0.6825870282269249,0.5893527286606035,0.6359698784437642,20,0,0.0,0,1,0,158,0,191.1578471660614,A1,equal-weight fusion over the SAME operator set,13
soapbox,2,dagrs,fog,0,3.0,3.000358819961548,3.899975299835205,1,99,0.22995829267982584,0.23949136673094723,0.23472482970538655,20,1,0.0,0,3,0,171,0,85.40311813354492,A1,equal-weight fusion over the SAME operator set,13
soapbox,3,dagrs,fog,0,3.0,3.000358819961548,3.899975299835205,1,99,0.8745705618091253,0.7840059957538278,0.8292882787814766,20,3,0.0,0,9,0,185,0,78.67044806480408,A1,equal-weight fusion over the SAME operator set,13
