seq,obj_id,mode,degradation,is_compound,level,severity_mean,severity_max,frame_stride,n_frames,J,F,J&F,n_decisions,n_reanchors,tau_score,reseed_stride,n_rejected,n_reseeds,n_encoder_calls,n_predict_failures,wall_time_s,n_present,n_clip,p1_scale,protocol,J_raw,F_raw,J&F_raw
001ca3cb,1,sam2video,clean,0,3.0,1.0,1.0,1,36,0.9310104468275416,0.819098040340708,0.8750542435841249,0,0,0.0,0,0,0,38,0,8.196125745773315,36,36,1,P1,0.9310104468275416,0.819098040340708,0.8750542435841249
001ca3cb,2,sam2video,clean,0,3.0,1.0,1.0,1,36,0.9417635917788798,0.8583361903059623,0.9000498910424211,0,0,0.0,0,0,0,38,0,5.681046009063721,36,36,1,P1,0.9417635917788798,0.8583361903059623,0.9000498910424211
001ca3cb,1,sam2video,fog,0,3.0,3.000000238418579,3.898101568222046,1,36,0.8827868807169515,0.7150101234103938,0.7988985020636727,0,0,0.0,0,0,0,38,0,5.608097076416016,36,36,1,P1,0.8827868807169515,0.7150101234103938,0.7988985020636727
001ca3cb,2,sam2video,fog,0,3.0,3.000000238418579,3.898101568222046,1,36,0.9036190982291994,0.7698361745063206,0.83672763636776,0,0,0.0,0,0,0,38,0,5.626402378082275,36,36,1,P1,0.9036190982291994,0.7698361745063206,0.83672763636776
001ca3cb,1,sam2video,sensor_noise,0,3.0,3.000000238418579,3.898101568222046,1,36,0.9096595965516406,0.7672761270344529,0.8384678617930468,0,0,0.0,0,0,0,38,0,5.691612482070923,36,36,1,P1,0.9096595965516406,0.7672761270344529,0.8384678617930468
001ca3cb,2,sam2video,sensor_noise,0,3.0,3.000000238418579,3.898101568222046,1,36,0.9134863220134891,0.8012306235985972,0.8573584728060432,0,0,0.0,0,0,0,38,0,5.750081539154053,36,36,1,P1,0.9134863220134891,0.8012306235985972,0.8573584728060432
001ca3cb,1,sam2video,C1_fog_noise,1,3.0,3.000000238418579,3.898101568222046,1,36,0.6568626546436247,0.4418650718727876,0.5493638632582062,0,0,0.0,0,0,0,38,0,5.897163391113281,36,36,1,P1,0.6568626546436247,0.4418650718727876,0.5493638632582062
001ca3cb,2,sam2video,C1_fog_noise,1,3.0,3.000000238418579,3.898101568222046,1,36,0.6256131025365192,0.4842834578270467,0.554948280181783,0,0,0.0,0,0,0,38,0,5.579436302185059,36,36,1,P1,0.6256131025365192,0.4842834578270467,0.554948280181783
002b4dce,1,sam2video,clean,0,3.0,1.0,1.0,1,46,0.9840145638998657,0.7873252751861566,0.8856699195430111,0,0,0.0,0,0,0,122,0,19.18900156021118,46,120,1,P1,0.9840145638998657,0.7873252751861566,0.8856699195430111
002b4dce,2,sam2video,clean,0,3.0,1.0,1.0,1,120,0.9809556476661098,0.8468971812587404,0.9139264144624251,0,0,0.0,0,0,0,122,0,18.9438316822052,120,120,1,P1,0.9809556476661098,0.8468971812587404,0.9139264144624251
002b4dce,1,sam2video,fog,0,3.0,3.0,3.899982452392578,1,46,0.9796503896996264,0.7499638849947227,0.8648071373471745,0,0,0.0,0,0,0,122,0,19.333796501159668,46,120,1,P1,0.9796503896996264,0.7499638849947227,0.8648071373471745
002b4dce,2,sam2video,fog,0,3.0,3.0,3.899982452392578,1,120,0.974027615998614,0.802684984575458,0.888356300287036,0,0,0.0,0,0,0,122,0,19.07955312728882,120,120,1,P1,0.974027615998614,0.802684984575458,0.888356300287036
002b4dce,1,sam2video,sensor_noise,0,3.0,3.0,3.899982452392578,1,47,0.9824012135,0.7720467007,0.8772239571,0,0,0.0,0,0,0,122,0,18.76278805732727,46,120,1.02173913,P1,0.9614990599927634,0.7556201751876587,0.858559617590211
002b4dce,2,sam2video,sensor_noise,0,3.0,3.0,3.899982452392578,1,120,0.9754762984701438,0.8248772046770187,0.9001767515735812,0,0,0.0,0,0,0,122,0,18.72550129890442,120,120,1,P1,0.9754762984701438,0.8248772046770187,0.9001767515735812
002b4dce,1,sam2video,C1_fog_noise,1,3.0,3.0,3.899982452392578,1,46,0.92769523325153,0.5566603189238538,0.742177776087692,0,0,0.0,0,0,0,122,0,18.651665687561035,46,120,1,P1,0.92769523325153,0.5566603189238538,0.742177776087692
002b4dce,2,sam2video,C1_fog_noise,1,3.0,3.0,3.899982452392578,1,120,0.9400960653084005,0.635408189754378,0.7877521275313892,0,0,0.0,0,0,0,122,0,19.317474365234375,120,120,1,P1,0.9400960653084005,0.635408189754378,0.7877521275313892
00501424,1,sam2video,clean,0,3.0,1.0,1.0,1,45,0.9327931521733522,0.8202295639805721,0.8765113580769621,0,0,0.0,0,0,0,47,0,7.041834115982056,45,45,1,P1,0.9327931521733522,0.8202295639805721,0.8765113580769621
00501424,2,sam2video,clean,0,3.0,1.0,1.0,1,45,0.868157658252643,0.7323712981960581,0.8002644782243505,0,0,0.0,0,0,0,47,0,7.0175621509552,45,45,1,P1,0.868157658252643,0.7323712981960581,0.8002644782243505
00501424,3,sam2video,clean,0,3.0,1.0,1.0,1,45,0.7541099366557887,0.7058626434532335,0.7299862900545111,0,0,0.0,0,0,0,47,0,7.061725378036499,45,45,1,P1,0.7541099366557887,0.7058626434532335,0.7299862900545111
00501424,4,sam2video,clean,0,3.0,1.0,1.0,1,45,0.900162672581696,0.7698695060736653,0.8350160893276807,0,0,0.0,0,0,0,47,0,7.238345623016357,45,45,1,P1,0.900162672581696,0.7698695060736653,0.8350160893276807
00501424,5,sam2video,clean,0,3.0,1.0,1.0,1,45,0.8190677298633395,0.7547508334476383,0.7869092816554889,0,0,0.0,0,0,0,47,0,7.254883050918579,45,45,1,P1,0.8190677298633395,0.7547508334476383,0.7869092816554889
00501424,1,sam2video,fog,0,3.0,3.0086774826049805,3.899813175201416,1,45,0.9259268335974176,0.7977990652619444,0.861862949429681,0,0,0.0,0,0,0,47,0,7.171934127807617,45,45,1,P1,0.9259268335974176,0.7977990652619444,0.861862949429681
00501424,2,sam2video,fog,0,3.0,3.0086774826049805,3.899813175201416,1,45,0.8401697480955979,0.6747314665309053,0.7574506073132516,0,0,0.0,0,0,0,47,0,7.178591251373291,45,45,1,P1,0.8401697480955979,0.6747314665309053,0.7574506073132516
00501424,3,sam2video,fog,0,3.0,3.0086774826049805,3.899813175201416,1,45,0.6381291078622511,0.6034056706310224,0.6207673892466368,0,0,0.0,0,0,0,47,0,7.054218053817749,45,45,1,P1,0.6381291078622511,0.6034056706310224,0.6207673892466368
00501424,4,sam2video,fog,0,3.0,3.0086774826049805,3.899813175201416,1,45,0.14137325428459244,0.14248139573410903,0.14192732500935074,0,0,0.0,0,0,0,47,0,7.17643928527832,45,45,1,P1,0.14137325428459244,0.14248139573410903,0.14192732500935074
00501424,5,sam2video,fog,0,3.0,3.0086774826049805,3.899813175201416,1,45,0.7822386271617892,0.705174470642384,0.7437065489020867,0,0,0.0,0,0,0,47,0,7.18790602684021,45,45,1,P1,0.7822386271617892,0.705174470642384,0.7437065489020867
00501424,1,sam2video,sensor_noise,0,3.0,3.0086774826049805,3.899813175201416,1,45,0.9320176473739084,0.8165234072914852,0.8742705273326967,0,0,0.0,0,0,0,47,0,7.141075611114502,45,45,1,P1,0.9320176473739084,0.8165234072914852,0.8742705273326967
00501424,2,sam2video,sensor_noise,0,3.0,3.0086774826049805,3.899813175201416,1,45,0.8622317608839172,0.7182033917747381,0.7902175763293277,0,0,0.0,0,0,0,47,0,7.238877773284912,45,45,1,P1,0.8622317608839172,0.7182033917747381,0.7902175763293277
00501424,3,sam2video,sensor_noise,0,3.0,3.0086774826049805,3.899813175201416,1,45,0.7251541572888025,0.6788373961236519,0.7019957767062273,0,0,0.0,0,0,0,47,0,6.966676473617554,45,45,1,P1,0.7251541572888025,0.6788373961236519,0.7019957767062273
00501424,4,sam2video,sensor_noise,0,3.0,3.0086774826049805,3.899813175201416,1,45,0.8934376374672555,0.7579873563889082,0.8257124969280818,0,0,0.0,0,0,0,47,0,7.010103940963745,45,45,1,P1,0.8934376374672555,0.7579873563889082,0.8257124969280818
00501424,5,sam2video,sensor_noise,0,3.0,3.0086774826049805,3.899813175201416,1,45,0.8146624885767239,0.7463031369884132,0.7804828127825685,0,0,0.0,0,0,0,47,0,7.035860300064087,45,45,1,P1,0.8146624885767239,0.7463031369884132,0.7804828127825685
00501424,1,sam2video,C1_fog_noise,1,3.0,3.0086774826049805,3.899813175201416,1,45,0.9106595847344046,0.7706225038397694,0.840641044287087,0,0,0.0,0,0,0,47,0,7.028440713882446,45,45,1,P1,0.9106595847344046,0.7706225038397694,0.840641044287087
00501424,2,sam2video,C1_fog_noise,1,3.0,3.0086774826049805,3.899813175201416,1,45,0.7819030887428318,0.6041761084876981,0.6930395986152649,0,0,0.0,0,0,0,47,0,6.97342324256897,45,45,1,P1,0.7819030887428318,0.6041761084876981,0.6930395986152649
00501424,3,sam2video,C1_fog_noise,1,3.0,3.0086774826049805,3.899813175201416,1,45,0.29470816358449625,0.32287699629465283,0.30879257993957454,0,0,0.0,0,0,0,47,0,7.035109281539917,45,45,1,P1,0.29470816358449625,0.32287699629465283,0.30879257993957454
00501424,4,sam2video,C1_fog_noise,1,3.0,3.0086774826049805,3.899813175201416,1,45,0.12176631427999922,0.1044367319304284,0.11310152310521382,0,0,0.0,0,0,0,47,0,7.111764192581177,45,45,1,P1,0.12176631427999922,0.1044367319304284,0.11310152310521382
00501424,5,sam2video,C1_fog_noise,1,3.0,3.0086774826049805,3.899813175201416,1,45,0.33260838188582337,0.33189588120885555,0.33225213154733946,0,0,0.0,0,0,0,47,0,7.299550533294678,45,45,1,P1,0.33260838188582337,0.33189588120885555,0.33225213154733946
006e6b64,1,sam2video,clean,0,3.0,1.0,1.0,1,65,0.03376153551,0.06181210954,0.04778682252,0,0,0.0,0,0,0,67,0,10.314468383789062,52,65,1.25,P1,0.027009228404313072,0.04944968762918991,0.03822945801675149
006e6b64,2,sam2video,clean,0,3.0,1.0,1.0,1,65,0.5489039553,0.6472686075,0.5980862814,0,0,0.0,0,0,0,67,0,10.364441871643066,63,65,1.031746032,P1,0.532014602864984,0.6273526503291095,0.5796836265970468
006e6b64,1,sam2video,fog,0,3.0,2.9924283027648926,3.8999507427215576,1,64,0.03904667645,0.09018618502,0.06461643073,0,0,0.0,0,0,0,67,0,9.952296018600464,52,65,1.230769231,P1,0.03172542461590223,0.07327627532725733,0.05250084997157978
006e6b64,2,sam2video,fog,0,3.0,2.9924283027648926,3.8999507427215576,1,65,0.03171076154,0.08610363691,0.05890719922,0,0,0.0,0,0,0,67,0,9.982154607772827,63,65,1.031746032,P1,0.030735045797763063,0.0834542942345847,0.05709467001617388
006e6b64,1,sam2video,sensor_noise,0,3.0,2.9924283027648926,3.8999507427215576,1,64,0.02884281084,0.04598777024,0.03741529054,0,0,0.0,0,0,0,67,0,10.021181583404541,52,65,1.230769231,P1,0.023434783804598965,0.03736506331969616,0.030399923562147563
006e6b64,2,sam2video,sensor_noise,0,3.0,2.9924283027648926,3.8999507427215576,1,65,0.07543980488,0.2293272954,0.1523835501,0,0,0.0,0,0,0,67,0,9.836480617523193,63,65,1.031746032,P1,0.07311858011689314,0.22227107089720502,0.14769482550704907
006e6b64,1,sam2video,C1_fog_noise,1,3.0,2.9924283027648926,3.8999507427215576,1,55,0.02976584005,0.06749758835,0.0486317142,0,0,0.0,0,0,0,67,0,9.991421699523926,52,65,1.057692308,P1,0.02814224877507998,0.06381590171727036,0.04597907524617517
006e6b64,2,sam2video,C1_fog_noise,1,3.0,2.9924283027648926,3.8999507427215576,1,65,0.04557013864,0.1286984312,0.08713428491,0,0,0.0,0,0,0,67,0,9.939223051071167,63,65,1.031746032,P1,0.044167980524668665,0.1247384794481958,0.08445322998643223
00e92ab4,1,sam2video,clean,0,3.0,1.0,1.0,1,34,0.5094829703439593,0.4632815668387201,0.4863822685913397,0,0,0.0,0,0,0,36,0,5.138123512268066,34,34,1,P1,0.5094829703439593,0.4632815668387201,0.4863822685913397
00e92ab4,2,sam2video,clean,0,3.0,1.0,1.0,1,34,0.4959943363443293,0.4535791461763983,0.4747867412603638,0,0,0.0,0,0,0,36,0,5.234501838684082,34,34,1,P1,0.4959943363443293,0.4535791461763983,0.4747867412603638
00e92ab4,3,sam2video,clean,0,3.0,1.0,1.0,1,34,0.7486530465400703,0.5458640001383283,0.6472585233391992,0,0,0.0,0,0,0,36,0,5.130761623382568,34,34,1,P1,0.7486530465400703,0.5458640001383283,0.6472585233391992
00e92ab4,1,sam2video,fog,0,3.0,3.000000238418579,3.888305187225342,1,34,0.26556911326732763,0.2625961836418463,0.26408264845458695,0,0,0.0,0,0,0,36,0,5.157649040222168,34,34,1,P1,0.26556911326732763,0.2625961836418463,0.26408264845458695
00e92ab4,2,sam2video,fog,0,3.0,3.000000238418579,3.888305187225342,1,34,0.22182688767973668,0.2033737316583167,0.2126003096690267,0,0,0.0,0,0,0,36,0,5.217685699462891,34,34,1,P1,0.22182688767973668,0.2033737316583167,0.2126003096690267
00e92ab4,3,sam2video,fog,0,3.0,3.000000238418579,3.888305187225342,1,34,0.7343275473670304,0.5042124854540753,0.6192700164105529,0,0,0.0,0,0,0,36,0,5.129248857498169,34,34,1,P1,0.7343275473670304,0.5042124854540753,0.6192700164105529
00e92ab4,1,sam2video,sensor_noise,0,3.0,3.000000238418579,3.888305187225342,1,34,0.5823413298048206,0.5194143838770442,0.5508778568409324,0,0,0.0,0,0,0,36,0,5.15697717666626,34,34,1,P1,0.5823413298048206,0.5194143838770442,0.5508778568409324
00e92ab4,2,sam2video,sensor_noise,0,3.0,3.000000238418579,3.888305187225342,1,34,0.1777304370548213,0.19092137359199546,0.18432590532340837,0,0,0.0,0,0,0,36,0,5.124325513839722,34,34,1,P1,0.1777304370548213,0.19092137359199546,0.18432590532340837
00e92ab4,3,sam2video,sensor_noise,0,3.0,3.000000238418579,3.888305187225342,1,34,0.7428953669496833,0.5378389571104691,0.6403671620300762,0,0,0.0,0,0,0,36,0,5.163573265075684,34,34,1,P1,0.7428953669496833,0.5378389571104691,0.6403671620300762
00e92ab4,1,sam2video,C1_fog_noise,1,3.0,3.000000238418579,3.888305187225342,1,34,0.20285986396083602,0.17469668513577782,0.18877827454830692,0,0,0.0,0,0,0,36,0,5.152449369430542,34,34,1,P1,0.20285986396083602,0.17469668513577782,0.18877827454830692
00e92ab4,2,sam2video,C1_fog_noise,1,3.0,3.000000238418579,3.888305187225342,1,34,0.2325039866912396,0.22430251355835648,0.22840325012479804,0,0,0.0,0,0,0,36,0,5.144180774688721,34,34,1,P1,0.2325039866912396,0.22430251355835648,0.22840325012479804
00e92ab4,3,sam2video,C1_fog_noise,1,3.0,3.000000238418579,3.888305187225342,1,34,0.7268588355205597,0.4836629696698922,0.605260902595226,0,0,0.0,0,0,0,36,0,5.157411098480225,34,34,1,P1,0.7268588355205597,0.4836629696698922,0.605260902595226
00xdyp74,1,sam2video,clean,0,3.0,1.0,1.0,1,50,0.7900642183628179,0.4127667196899391,0.6014154690263785,0,0,0.0,0,0,0,52,0,7.626535654067993,50,50,1,P1,0.7900642183628179,0.4127667196899391,0.6014154690263785
00xdyp74,1,sam2video,fog,0,3.0,3.0,3.8975651264190674,1,50,0.4731565418902815,0.22116536804488326,0.34716095496758237,0,0,0.0,0,0,0,52,0,7.495715856552124,50,50,1,P1,0.4731565418902815,0.22116536804488326,0.34716095496758237
00xdyp74,1,sam2video,sensor_noise,0,3.0,3.0,3.8975651264190674,1,50,0.719061800613194,0.3570837804091488,0.5380727905111714,0,0,0.0,0,0,0,52,0,7.570303916931152,50,50,1,P1,0.719061800613194,0.3570837804091488,0.5380727905111714
00xdyp74,1,sam2video,C1_fog_noise,1,3.0,3.0,3.8975651264190674,1,50,0.306281670993563,0.0982622284214485,0.20227194970750575,0,0,0.0,0,0,0,52,0,7.552972078323364,50,50,1,P1,0.306281670993563,0.0982622284214485,0.20227194970750575
0165667b,1,sam2video,clean,0,3.0,1.0,1.0,1,86,0.8895837102705798,0.7507868339835028,0.8201852721270413,0,0,0.0,0,0,0,88,0,13.34860897064209,86,86,1,P1,0.8895837102705798,0.7507868339835028,0.8201852721270413
0165667b,1,sam2video,fog,0,3.0,2.999999761581421,3.8986876010894775,1,86,0.8415091006507588,0.6301895507616773,0.735849325706218,0,0,0.0,0,0,0,88,0,12.994680166244507,86,86,1,P1,0.8415091006507588,0.6301895507616773,0.735849325706218
0165667b,1,sam2video,sensor_noise,0,3.0,2.999999761581421,3.8986876010894775,1,86,0.8845587287831443,0.7286885097820716,0.806623619282608,0,0,0.0,0,0,0,88,0,13.024833917617798,86,86,1,P1,0.8845587287831443,0.7286885097820716,0.806623619282608
0165667b,1,sam2video,C1_fog_noise,1,3.0,2.999999761581421,3.8986876010894775,1,86,0.027895268568511065,0.03419874917136988,0.03104700886994047,0,0,0.0,0,0,0,88,0,13.008442878723145,86,86,1,P1,0.027895268568511065,0.03419874917136988,0.03104700886994047
01e3cec8,1,sam2video,clean,0,3.0,1.0,1.0,1,68,0.8720206607,0.8664873129,0.8692539868,0,0,0.0,0,0,0,83,0,12.273426294326782,67,81,1.014925373,P1,0.8591968274070065,0.8537448524396117,0.8564708399233092
01e3cec8,2,sam2video,clean,0,3.0,1.0,1.0,1,81,0.6137943508145458,0.696708664515715,0.6552515076651304,0,0,0.0,0,0,0,83,0,12.673933506011963,81,81,1,P1,0.6137943508145458,0.696708664515715,0.6552515076651304
01e3cec8,3,sam2video,clean,0,3.0,1.0,1.0,1,50,0.624395630871208,0.790374446937805,0.7073850389045064,0,0,0.0,0,0,0,83,0,12.628566265106201,50,81,1,P1,0.624395630871208,0.790374446937805,0.7073850389045064
01e3cec8,1,sam2video,fog,0,3.0,2.9917867183685303,3.8990283012390137,1,68,0.8705740158,0.8657939958,0.8681840058,0,0,0.0,0,0,0,83,0,12.384031057357788,67,81,1.014925373,P1,0.8577714567402407,0.8530617311487879,0.8554165939445143
01e3cec8,2,sam2video,fog,0,3.0,2.9917867183685303,3.8990283012390137,1,81,0.3189997851361435,0.372184090572252,0.34559193785419773,0,0,0.0,0,0,0,83,0,12.193455934524536,81,81,1,P1,0.3189997851361435,0.372184090572252,0.34559193785419773
01e3cec8,3,sam2video,fog,0,3.0,2.9917867183685303,3.8990283012390137,1,50,0.4555001409060796,0.6127711201633881,0.5341356305347338,0,0,0.0,0,0,0,83,0,12.234465599060059,50,81,1,P1,0.4555001409060796,0.6127711201633881,0.5341356305347338
01e3cec8,1,sam2video,sensor_noise,0,3.0,2.9917867183685303,3.8990283012390137,1,68,0.5060115333,0.5036271726,0.5048193529,0,0,0.0,0,0,0,83,0,12.388966083526611,67,81,1.014925373,P1,0.49857018718020507,0.4962208906646128,0.49739553892240895
01e3cec8,2,sam2video,sensor_noise,0,3.0,2.9917867183685303,3.8990283012390137,1,81,0.3153604172530658,0.36832140175940575,0.3418409095062358,0,0,0.0,0,0,0,83,0,12.259380340576172,81,81,1,P1,0.3153604172530658,0.36832140175940575,0.3418409095062358
01e3cec8,3,sam2video,sensor_noise,0,3.0,2.9917867183685303,3.8990283012390137,1,50,0.42726872994170384,0.5900417249847323,0.5086552274632181,0,0,0.0,0,0,0,83,0,12.293795585632324,50,81,1,P1,0.42726872994170384,0.5900417249847323,0.5086552274632181
01e3cec8,1,sam2video,C1_fog_noise,1,3.0,2.9917867183685303,3.8990283012390137,1,74,0.4528091471,0.4439043362,0.4483567416,0,0,0.0,0,0,0,83,0,12.380427360534668,67,81,1.104477612,P1,0.40997584936040266,0.4019133855019947,0.4059446174311987
01e3cec8,2,sam2video,C1_fog_noise,1,3.0,2.9917867183685303,3.8990283012390137,1,81,0.08011541169784625,0.08859728070616135,0.0843563462020038,0,0,0.0,0,0,0,83,0,12.2865571975708,81,81,1,P1,0.08011541169784625,0.08859728070616135,0.0843563462020038
01e3cec8,3,sam2video,C1_fog_noise,1,3.0,2.9917867183685303,3.8990283012390137,1,50,0.07846637267304485,0.09246642094826639,0.08546639681065563,0,0,0.0,0,0,0,83,0,12.339847087860107,50,81,1,P1,0.07846637267304485,0.09246642094826639,0.08546639681065563
01ojfpgh,1,sam2video,clean,0,3.0,1.0,1.0,1,33,0.9305246347509153,0.876509645762137,0.9035171402565261,0,0,0.0,0,0,0,40,0,5.725726127624512,33,38,1,P1,0.9305246347509153,0.876509645762137,0.9035171402565261
01ojfpgh,2,sam2video,clean,0,3.0,1.0,1.0,1,33,0.9480718547844685,0.8587497532929139,0.9034108040386912,0,0,0.0,0,0,0,40,0,5.720896482467651,33,38,1,P1,0.9480718547844685,0.8587497532929139,0.9034108040386912
01ojfpgh,1,sam2video,fog,0,3.0,3.000000238418579,3.8999569416046143,1,33,0.9117153877061532,0.84164111308992,0.8766782503980366,0,0,0.0,0,0,0,40,0,5.75230598449707,33,38,1,P1,0.9117153877061532,0.84164111308992,0.8766782503980366
01ojfpgh,2,sam2video,fog,0,3.0,3.000000238418579,3.8999569416046143,1,33,0.9210892745781638,0.7914345269231849,0.8562619007506744,0,0,0.0,0,0,0,40,0,5.72961688041687,33,38,1,P1,0.9210892745781638,0.7914345269231849,0.8562619007506744
01ojfpgh,1,sam2video,sensor_noise,0,3.0,3.000000238418579,3.8999569416046143,1,33,0.9133829140728246,0.8459838622034662,0.8796833881381454,0,0,0.0,0,0,0,40,0,5.745637893676758,33,38,1,P1,0.9133829140728246,0.8459838622034662,0.8796833881381454
01ojfpgh,2,sam2video,sensor_noise,0,3.0,3.000000238418579,3.8999569416046143,1,33,0.9351575734995715,0.8205285201630946,0.8778430468313331,0,0,0.0,0,0,0,40,0,5.742806911468506,33,38,1,P1,0.9351575734995715,0.8205285201630946,0.8778430468313331
01ojfpgh,1,sam2video,C1_fog_noise,1,3.0,3.000000238418579,3.8999569416046143,1,33,0.7921167981924104,0.6355467625991863,0.7138317803957983,0,0,0.0,0,0,0,40,0,5.747679233551025,33,38,1,P1,0.7921167981924104,0.6355467625991863,0.7138317803957983
01ojfpgh,2,sam2video,C1_fog_noise,1,3.0,3.000000238418579,3.8999569416046143,1,33,0.7837303831404719,0.6118004722097512,0.6977654276751115,0,0,0.0,0,0,0,40,0,5.69736123085022,33,38,1,P1,0.7837303831404719,0.6118004722097512,0.6977654276751115
01ynxb7u,1,sam2video,clean,0,3.0,1.0,1.0,1,40,0.9132641215684394,0.7528015428086648,0.8330328321885521,0,0,0.0,0,0,0,47,0,6.745001792907715,40,45,1,P1,0.9132641215684394,0.7528015428086648,0.8330328321885521
01ynxb7u,1,sam2video,fog,0,3.0,2.9822256565093994,3.895944356918335,1,40,0.8886394840085596,0.6852111313967784,0.786925307702669,0,0,0.0,0,0,0,47,0,6.762344121932983,40,45,1,P1,0.8886394840085596,0.6852111313967784,0.786925307702669
01ynxb7u,1,sam2video,sensor_noise,0,3.0,2.9822256565093994,3.895944356918335,1,40,0.9091125357032876,0.7498135764321547,0.8294630560677212,0,0,0.0,0,0,0,47,0,6.797339200973511,40,45,1,P1,0.9091125357032876,0.7498135764321547,0.8294630560677212
01ynxb7u,1,sam2video,C1_fog_noise,1,3.0,2.9822256565093994,3.895944356918335,1,40,0.6642131132595039,0.44686958925947007,0.555541351259487,0,0,0.0,0,0,0,47,0,6.804628849029541,40,45,1,P1,0.6642131132595039,0.44686958925947007,0.555541351259487
02221fb0,1,sam2video,clean,0,3.0,1.0,1.0,1,80,0.9724399998425817,0.8839425226972082,0.9281912612698949,0,0,0.0,0,0,0,82,0,12.007662773132324,80,80,1,P1,0.9724399998425817,0.8839425226972082,0.9281912612698949
02221fb0,2,sam2video,clean,0,3.0,1.0,1.0,1,80,0.8747827876959846,0.8928038501470542,0.8837933189215195,0,0,0.0,0,0,0,82,0,12.235370874404907,80,80,1,P1,0.8747827876959846,0.8928038501470542,0.8837933189215195
02221fb0,1,sam2video,fog,0,3.0,3.0,3.897263288497925,1,80,0.9650777017724899,0.8415034048313341,0.903290553301912,0,0,0.0,0,0,0,82,0,12.054018259048462,80,80,1,P1,0.9650777017724899,0.8415034048313341,0.903290553301912
02221fb0,2,sam2video,fog,0,3.0,3.0,3.897263288497925,1,80,0.8165074996832725,0.8394326435780627,0.8279700716306676,0,0,0.0,0,0,0,82,0,12.015223026275635,80,80,1,P1,0.8165074996832725,0.8394326435780627,0.8279700716306676
02221fb0,1,sam2video,sensor_noise,0,3.0,3.0,3.897263288497925,1,80,0.9706851521880042,0.8738018838041892,0.9222435179960967,0,0,0.0,0,0,0,82,0,12.122719764709473,80,80,1,P1,0.9706851521880042,0.8738018838041892,0.9222435179960967
02221fb0,2,sam2video,sensor_noise,0,3.0,3.0,3.897263288497925,1,80,0.8486653060400566,0.8711432840690119,0.8599042950545343,0,0,0.0,0,0,0,82,0,12.634272575378418,80,80,1,P1,0.8486653060400566,0.8711432840690119,0.8599042950545343
02221fb0,1,sam2video,C1_fog_noise,1,3.0,3.0,3.897263288497925,1,80,0.9273276381932185,0.7077633137223096,0.8175454759577641,0,0,0.0,0,0,0,82,0,12.331085205078125,80,80,1,P1,0.9273276381932185,0.7077633137223096,0.8175454759577641
02221fb0,2,sam2video,C1_fog_noise,1,3.0,3.0,3.897263288497925,1,80,0.6169495192342296,0.6213262827312743,0.619137900982752,0,0,0.0,0,0,0,82,0,12.200740337371826,80,80,1,P1,0.6169495192342296,0.6213262827312743,0.619137900982752
028f6f64,1,sam2video,clean,0,3.0,1.0,1.0,1,36,0.918118920446487,0.5329549117870367,0.7255369161167619,0,0,0.0,0,0,0,38,0,5.418097734451294,36,36,1,P1,0.918118920446487,0.5329549117870367,0.7255369161167619
028f6f64,2,sam2video,clean,0,3.0,1.0,1.0,1,36,0.8596700646819921,0.48493084914343815,0.6723004569127151,0,0,0.0,0,0,0,38,0,5.42063307762146,36,36,1,P1,0.8596700646819921,0.48493084914343815,0.6723004569127151
028f6f64,3,sam2video,clean,0,3.0,1.0,1.0,1,32,0.8911835526,0.680161853,0.7856727028,0,0,0.0,0,0,0,38,0,5.459717035293579,27,36,1.185185185,P1,0.7519361224896148,0.5738865634328948,0.6629113429612548
028f6f64,1,sam2video,fog,0,3.0,3.0,3.888481855392456,1,36,0.8706040041363091,0.37993642260995614,0.6252702133731326,0,0,0.0,0,0,0,38,0,5.624588966369629,36,36,1,P1,0.8706040041363091,0.37993642260995614,0.6252702133731326
028f6f64,2,sam2video,fog,0,3.0,3.0,3.888481855392456,1,36,0.7422233954447062,0.2920228302285573,0.5171231128366317,0,0,0.0,0,0,0,38,0,5.5058674812316895,36,36,1,P1,0.7422233954447062,0.2920228302285573,0.5171231128366317
028f6f64,3,sam2video,fog,0,3.0,3.0,3.888481855392456,1,27,0.670746371753542,0.46010537610778585,0.5654258739306639,0,0,0.0,0,0,0,38,0,5.408223628997803,27,36,1,P1,0.670746371753542,0.46010537610778585,0.5654258739306639
028f6f64,1,sam2video,sensor_noise,0,3.0,3.0,3.888481855392456,1,36,0.8958676445241157,0.4409602634873888,0.6684139540057523,0,0,0.0,0,0,0,38,0,5.490873098373413,36,36,1,P1,0.8958676445241157,0.4409602634873888,0.6684139540057523
028f6f64,2,sam2video,sensor_noise,0,3.0,3.0,3.888481855392456,1,36,0.8179296931107589,0.4051940142261221,0.6115618536684405,0,0,0.0,0,0,0,38,0,5.410506725311279,36,36,1,P1,0.8179296931107589,0.4051940142261221,0.6115618536684405
028f6f64,3,sam2video,sensor_noise,0,3.0,3.0,3.888481855392456,1,32,0.5556282604,0.5142957685,0.5349620144,0,0,0.0,0,0,0,38,0,5.408292293548584,27,36,1.185185185,P1,0.4688113446984845,0.4339370546726189,0.4513741996855517
028f6f64,1,sam2video,C1_fog_noise,1,3.0,3.0,3.888481855392456,1,36,0.6711777188984247,0.23653152488369045,0.4538546218910576,0,0,0.0,0,0,0,38,0,5.44452691078186,36,36,1,P1,0.6711777188984247,0.23653152488369045,0.4538546218910576
028f6f64,2,sam2video,C1_fog_noise,1,3.0,3.0,3.888481855392456,1,36,0.5783200897938213,0.180487196666763,0.3794036432302922,0,0,0.0,0,0,0,38,0,5.425839185714722,36,36,1,P1,0.5783200897938213,0.180487196666763,0.3794036432302922
028f6f64,3,sam2video,C1_fog_noise,1,3.0,3.0,3.888481855392456,1,27,0.17349585845630316,0.11870549180773941,0.1461006751320213,0,0,0.0,0,0,0,38,0,5.448254346847534,27,36,1,P1,0.17349585845630316,0.11870549180773941,0.1461006751320213
02a236b4,1,sam2video,clean,0,3.0,1.0,1.0,1,95,0.6842187036,0.6117606388,0.6479896712,0,0,0.0,0,0,0,114,0,16.990584135055542,77,112,1.233766234,P1,0.5545772650340168,0.4958480966831544,0.5252126808585856
02a236b4,1,sam2video,fog,0,3.0,3.0,3.8996994495391846,1,112,0.1589491268,0.1540381485,0.1564936377,0,0,0.0,0,0,0,114,0,16.869584560394287,77,112,1.454545455,P1,0.1092775247036147,0.10590122710475616,0.10758937590418544
02a236b4,1,sam2video,sensor_noise,0,3.0,3.0,3.8996994495391846,1,112,0.1579391981,0.1561771313,0.1570581647,0,0,0.0,0,0,0,114,0,16.887661457061768,77,112,1.454545455,P1,0.1085831986953055,0.10737177773993008,0.1079774882176178
02a236b4,1,sam2video,C1_fog_noise,1,3.0,3.0,3.8996994495391846,1,91,0.3333658927,0.2794839198,0.3064249062,0,0,0.0,0,0,0,114,0,16.805658102035522,77,112,1.181818182,P1,0.28207883227224106,0.23648639364672366,0.25928261295948235
02b72b8d,1,sam2video,clean,0,3.0,1.0,1.0,1,67,0.9101655190509941,0.8012724889467168,0.8557190039988554,0,0,0.0,0,0,0,69,0,10.072158336639404,67,67,1,P1,0.9101655190509941,0.8012724889467168,0.8557190039988554
02b72b8d,2,sam2video,clean,0,3.0,1.0,1.0,1,67,0.8514627561812447,0.7317349344105535,0.7915988452958991,0,0,0.0,0,0,0,69,0,10.065889596939087,67,67,1,P1,0.8514627561812447,0.7317349344105535,0.7915988452958991
02b72b8d,3,sam2video,clean,0,3.0,1.0,1.0,1,67,0.5870463283578423,0.5155964633686507,0.5513213958632466,0,0,0.0,0,0,0,69,0,10.102733612060547,67,67,1,P1,0.5870463283578423,0.5155964633686507,0.5513213958632466
02b72b8d,4,sam2video,clean,0,3.0,1.0,1.0,1,67,0.6599625374891018,0.6243391235625416,0.6421508305258217,0,0,0.0,0,0,0,69,0,10.101790189743042,67,67,1,P1,0.6599625374891018,0.6243391235625416,0.6421508305258217
02b72b8d,5,sam2video,clean,0,3.0,1.0,1.0,1,35,0.4787831404,0.461057431,0.4699202857,0,0,0.0,0,0,0,69,0,10.103216886520386,34,67,1.029411765,P1,0.4651036220721004,0.4478843615384371,0.45649399180526873
02b72b8d,1,sam2video,fog,0,3.0,2.99310040473938,3.8998873233795166,1,67,0.8779416847352493,0.745395669151504,0.8116686769433766,0,0,0.0,0,0,0,69,0,10.106951236724854,67,67,1,P1,0.8779416847352493,0.745395669151504,0.8116686769433766
02b72b8d,2,sam2video,fog,0,3.0,2.99310040473938,3.8998873233795166,1,67,0.798949713059822,0.6684647664895178,0.7337072397746699,0,0,0.0,0,0,0,69,0,10.332263946533203,67,67,1,P1,0.798949713059822,0.6684647664895178,0.7337072397746699
02b72b8d,3,sam2video,fog,0,3.0,2.99310040473938,3.8998873233795166,1,67,0.7013334014363856,0.60754730854519,0.6544403549907878,0,0,0.0,0,0,0,69,0,10.276735544204712,67,67,1,P1,0.7013334014363856,0.60754730854519,0.6544403549907878
02b72b8d,4,sam2video,fog,0,3.0,2.99310040473938,3.8998873233795166,1,67,0.4315749350387336,0.41556424380155615,0.4235695894201449,0,0,0.0,0,0,0,69,0,10.425241470336914,67,67,1,P1,0.4315749350387336,0.41556424380155615,0.4235695894201449
02b72b8d,5,sam2video,fog,0,3.0,2.99310040473938,3.8998873233795166,1,35,0.4648983092,0.4450246912,0.4549615002,0,0,0.0,0,0,0,69,0,10.210128784179688,34,67,1.029411765,P1,0.45161550033085174,0.4323097000369307,0.4419626001838912
02b72b8d,1,sam2video,sensor_noise,0,3.0,2.99310040473938,3.8998873233795166,1,67,0.8968082244837859,0.7746915700410043,0.8357498972623951,0,0,0.0,0,0,0,69,0,10.162292957305908,67,67,1,P1,0.8968082244837859,0.7746915700410043,0.8357498972623951
02b72b8d,2,sam2video,sensor_noise,0,3.0,2.99310040473938,3.8998873233795166,1,67,0.8261864048501751,0.6945917549296132,0.7603890798898942,0,0,0.0,0,0,0,69,0,10.376141786575317,67,67,1,P1,0.8261864048501751,0.6945917549296132,0.7603890798898942
02b72b8d,3,sam2video,sensor_noise,0,3.0,2.99310040473938,3.8998873233795166,1,67,0.5593178328252388,0.4876922128163948,0.5235050228208168,0,0,0.0,0,0,0,69,0,10.311088800430298,67,67,1,P1,0.5593178328252388,0.4876922128163948,0.5235050228208168
02b72b8d,4,sam2video,sensor_noise,0,3.0,2.99310040473938,3.8998873233795166,1,67,0.4239447390504542,0.4204861413513476,0.4222154402009009,0,0,0.0,0,0,0,69,0,10.22292947769165,67,67,1,P1,0.4239447390504542,0.4204861413513476,0.4222154402009009
02b72b8d,5,sam2video,sensor_noise,0,3.0,2.99310040473938,3.8998873233795166,1,35,0.4629589919,0.4421881133,0.4525735526,0,0,0.0,0,0,0,69,0,10.254071712493896,34,67,1.029411765,P1,0.449731592142449,0.4295541671858594,0.4396428796641542
02b72b8d,1,sam2video,C1_fog_noise,1,3.0,2.99310040473938,3.8998873233795166,1,67,0.7696164847367236,0.5783382991099552,0.6739773919233394,0,0,0.0,0,0,0,69,0,10.213198184967041,67,67,1,P1,0.7696164847367236,0.5783382991099552,0.6739773919233394
02b72b8d,2,sam2video,C1_fog_noise,1,3.0,2.99310040473938,3.8998873233795166,1,67,0.5683487793877139,0.4184838729371088,0.4934163261624114,0,0,0.0,0,0,0,69,0,10.181504249572754,67,67,1,P1,0.5683487793877139,0.4184838729371088,0.4934163261624114
02b72b8d,3,sam2video,C1_fog_noise,1,3.0,2.99310040473938,3.8998873233795166,1,67,0.3665770531849417,0.31849618808147245,0.3425366206332071,0,0,0.0,0,0,0,69,0,10.189956665039062,67,67,1,P1,0.3665770531849417,0.31849618808147245,0.3425366206332071
02b72b8d,4,sam2video,C1_fog_noise,1,3.0,2.99310040473938,3.8998873233795166,1,67,0.34695613410725573,0.29715592370189253,0.32205602890457413,0,0,0.0,0,0,0,69,0,10.15989375114441,67,67,1,P1,0.34695613410725573,0.29715592370189253,0.32205602890457413
02b72b8d,5,sam2video,C1_fog_noise,1,3.0,2.99310040473938,3.8998873233795166,1,34,0.15378505443881405,0.15072325715082488,0.15225415579481946,0,0,0.0,0,0,0,69,0,10.16040301322937,34,67,1,P1,0.15378505443881405,0.15072325715082488,0.15225415579481946
02de2f2a,1,sam2video,clean,0,3.0,1.0,1.0,1,51,0.7862556953425114,0.42997184036563796,0.6081137678540747,0,0,0.0,0,0,0,78,0,11.57736873626709,51,76,1,P1,0.7862556953425114,0.42997184036563796,0.6081137678540747
02de2f2a,1,sam2video,fog,0,3.0,3.0,3.8981432914733887,1,51,0.5627138806652064,0.3097576910571672,0.43623578586118683,0,0,0.0,0,0,0,78,0,11.444680213928223,51,76,1,P1,0.5627138806652064,0.3097576910571672,0.43623578586118683
02de2f2a,1,sam2video,sensor_noise,0,3.0,3.0,3.8981432914733887,1,51,0.8336416783708611,0.460708610546127,0.6471751444584941,0,0,0.0,0,0,0,78,0,11.451160669326782,51,76,1,P1,0.8336416783708611,0.460708610546127,0.6471751444584941
02de2f2a,1,sam2video,C1_fog_noise,1,3.0,3.0,3.8981432914733887,1,51,0.4373637910547356,0.225154059095786,0.3312589250752608,0,0,0.0,0,0,0,78,0,11.394129276275635,51,76,1,P1,0.4373637910547356,0.225154059095786,0.3312589250752608
02deca50,1,sam2video,clean,0,3.0,1.0,1.0,1,55,0.8730474100974718,0.6891322283203446,0.7810898192089082,0,0,0.0,0,0,0,57,0,8.27630615234375,55,55,1,P1,0.8730474100974718,0.6891322283203446,0.7810898192089082
02deca50,2,sam2video,clean,0,3.0,1.0,1.0,1,55,0.6378928612,0.5263883669,0.582140614,0,0,0.0,0,0,0,57,0,8.350288391113281,52,55,1.057692308,P1,0.6030987050937568,0.4976762741237944,0.5503874896087756
02deca50,3,sam2video,clean,0,3.0,1.0,1.0,1,55,0.524016188,0.4692917891,0.4966539885,0,0,0.0,0,0,0,57,0,8.370635509490967,48,55,1.145833333,P1,0.4573232186151229,0.40956374321438455,0.4334434809147537
02deca50,4,sam2video,clean,0,3.0,1.0,1.0,1,39,0.8787711221,0.7853365444,0.8320538332,0,0,0.0,0,0,0,57,0,8.336364269256592,17,55,2.294117647,P1,0.3830540788439262,0.34232618600617515,0.36269013242505066
02deca50,1,sam2video,fog,0,3.0,2.9994966983795166,3.8996617794036865,1,55,0.7377984947553957,0.5155403465004182,0.626669420627907,0,0,0.0,0,0,0,57,0,8.314857244491577,55,55,1,P1,0.7377984947553957,0.5155403465004182,0.626669420627907
02deca50,2,sam2video,fog,0,3.0,2.9994966983795166,3.8996617794036865,1,52,0.4829070763218314,0.3687246647716679,0.42581587054674963,0,0,0.0,0,0,0,57,0,8.344221830368042,52,55,1,P1,0.4829070763218314,0.3687246647716679,0.42581587054674963
02deca50,3,sam2video,fog,0,3.0,2.9994966983795166,3.8996617794036865,1,50,0.4427869551,0.3929064493,0.4178467022,0,0,0.0,0,0,0,57,0,8.364972829818726,48,55,1.041666667,P1,0.425075476871251,0.3771901913167297,0.40113283409399036
02deca50,4,sam2video,fog,0,3.0,2.9994966983795166,3.8996617794036865,1,36,0.8586489886,0.7419047192,0.8002768539,0,0,0.0,0,0,0,57,0,8.514210224151611,17,55,2.117647059,P1,0.40547313351274933,0.3503438951781265,0.37790851434543793
02deca50,1,sam2video,sensor_noise,0,3.0,2.9994966983795166,3.8996617794036865,1,55,0.8285092254588126,0.6172562116779097,0.7228827185683611,0,0,0.0,0,0,0,57,0,8.38349437713623,55,55,1,P1,0.8285092254588126,0.6172562116779097,0.7228827185683611
02deca50,2,sam2video,sensor_noise,0,3.0,2.9994966983795166,3.8996617794036865,1,54,0.6236885887,0.4862524232,0.5549705059,0,0,0.0,0,0,0,57,0,8.415634393692017,52,55,1.038461538,P1,0.6005890113242687,0.4682430741574907,0.5344160427408797
02deca50,3,sam2video,sensor_noise,0,3.0,2.9994966983795166,3.8996617794036865,1,48,0.4725143704717478,0.4142709866480309,0.4433926785598894,0,0,0.0,0,0,0,57,0,8.330100774765015,48,55,1,P1,0.4725143704717478,0.4142709866480309,0.4433926785598894
02deca50,4,sam2video,sensor_noise,0,3.0,2.9994966983795166,3.8996617794036865,1,17,0.8784145028928505,0.7695955700420644,0.8240050364674574,0,0,0.0,0,0,0,57,0,8.292543411254883,17,55,1,P1,0.8784145028928505,0.7695955700420644,0.8240050364674574
02deca50,1,sam2video,C1_fog_noise,1,3.0,2.9994966983795166,3.8996617794036865,1,55,0.5302480637340874,0.3270265648332719,0.4286373142836797,0,0,0.0,0,0,0,57,0,8.299153327941895,55,55,1,P1,0.5302480637340874,0.3270265648332719,0.4286373142836797
02deca50,2,sam2video,C1_fog_noise,1,3.0,2.9994966983795166,3.8996617794036865,1,55,0.4649355041,0.2877485456,0.3763420249,0,0,0.0,0,0,0,57,0,8.478101968765259,52,55,1.057692308,P1,0.43957538572859955,0.27205317036125515,0.3558142780449274
02deca50,3,sam2video,C1_fog_noise,1,3.0,2.9994966983795166,3.8996617794036865,1,48,0.226438891593588,0.18728542821773905,0.20686215990566353,0,0,0.0,0,0,0,57,0,8.338192462921143,48,55,1,P1,0.226438891593588,0.18728542821773905,0.20686215990566353
02deca50,4,sam2video,C1_fog_noise,1,3.0,2.9994966983795166,3.8996617794036865,1,17,0.7482645137306418,0.610937006023228,0.6796007598769349,0,0,0.0,0,0,0,57,0,8.269436597824097,17,55,1,P1,0.7482645137306418,0.610937006023228,0.6796007598769349
02j0chw5,1,sam2video,clean,0,3.0,1.0,1.0,1,101,0.13193147955205856,0.13601001899712603,0.1339707492745923,0,0,0.0,0,0,0,103,0,15.240748405456543,101,101,1,P1,0.13193147955205856,0.13601001899712603,0.1339707492745923
02j0chw5,1,sam2video,fog,0,3.0,2.9914727210998535,3.8991637229919434,1,101,0.07892850959411547,0.0876985031255611,0.08331350635983828,0,0,0.0,0,0,0,103,0,15.251473903656006,101,101,1,P1,0.07892850959411547,0.0876985031255611,0.08331350635983828
02j0chw5,1,sam2video,sensor_noise,0,3.0,2.9914727210998535,3.8991637229919434,1,101,0.14475941594559674,0.1482017267864563,0.14648057136602652,0,0,0.0,0,0,0,103,0,15.282040357589722,101,101,1,P1,0.14475941594559674,0.1482017267864563,0.14648057136602652
02j0chw5,1,sam2video,C1_fog_noise,1,3.0,2.9914727210998535,3.8991637229919434,1,101,0.06832237753242172,0.07119878086692304,0.06976057919967238,0,0,0.0,0,0,0,103,0,15.202899932861328,101,101,1,P1,0.06832237753242172,0.07119878086692304,0.06976057919967238
02llyf61,1,sam2video,clean,0,3.0,1.0,1.0,1,58,0.10573599639299605,0.12158156562406425,0.11365878100853015,0,0,0.0,0,0,0,60,0,8.72154188156128,58,58,1,P1,0.10573599639299605,0.12158156562406425,0.11365878100853015
02llyf61,1,sam2video,fog,0,3.0,3.0,3.8999879360198975,1,58,0.08571400184668318,0.09586892847560703,0.09079146516114511,0,0,0.0,0,0,0,60,0,8.71489930152893,58,58,1,P1,0.08571400184668318,0.09586892847560703,0.09079146516114511
02llyf61,1,sam2video,sensor_noise,0,3.0,3.0,3.8999879360198975,1,58,0.10145876201925583,0.10928286811507641,0.10537081506716611,0,0,0.0,0,0,0,60,0,8.764741897583008,58,58,1,P1,0.10145876201925583,0.10928286811507641,0.10537081506716611
02llyf61,1,sam2video,C1_fog_noise,1,3.0,3.0,3.8999879360198975,1,58,0.03419342960098898,0.03860837975879826,0.03640090467989362,0,0,0.0,0,0,0,60,0,8.705109596252441,58,58,1,P1,0.03419342960098898,0.03860837975879826,0.03640090467989362
02vgj1s4,1,sam2video,clean,0,3.0,1.0,1.0,1,66,0.7604945508,0.8600520159,0.8102732833,0,0,0.0,0,0,0,73,0,10.622401714324951,65,71,1.015384615,P1,0.748971906043893,0.8470209247769248,0.7979964154104089
02vgj1s4,1,sam2video,fog,0,3.0,3.0070793628692627,3.897075653076172,1,66,0.7355396175,0.8532495492,0.7943945834,0,0,0.0,0,0,0,73,0,10.66284966468811,65,71,1.015384615,P1,0.7243950778365026,0.84032152575859,0.7823583017975463
02vgj1s4,1,sam2video,sensor_noise,0,3.0,3.0070793628692627,3.897075653076172,1,66,0.75268087,0.8536980432,0.8031894566,0,0,0.0,0,0,0,73,0,10.692137718200684,65,71,1.015384615,P1,0.7412766143514683,0.8407632243321976,0.791019919341833
02vgj1s4,1,sam2video,C1_fog_noise,1,3.0,3.0070793628692627,3.897075653076172,1,69,0.1988675769,0.2397434841,0.2193055305,0,0,0.0,0,0,0,73,0,10.707194328308105,65,71,1.061538462,P1,0.1873390216860541,0.22584531110388287,0.20659216639496847
033333fd,1,sam2video,clean,0,3.0,1.0,1.0,1,49,0.9696146648112777,0.8344171876142373,0.9020159262127575,0,0,0.0,0,0,0,52,0,7.559572696685791,49,50,1,P1,0.9696146648112777,0.8344171876142373,0.9020159262127575
033333fd,2,sam2video,clean,0,3.0,1.0,1.0,1,50,0.954092561345944,0.8247226101121079,0.889407585729026,0,0,0.0,0,0,0,52,0,7.53930139541626,50,50,1,P1,0.954092561345944,0.8247226101121079,0.889407585729026
033333fd,3,sam2video,clean,0,3.0,1.0,1.0,1,2,0.9137931034482758,0.9603658536585367,0.9370794785534062,0,0,0.0,0,0,0,52,0,7.557606220245361,2,50,1,P1,0.9137931034482758,0.9603658536585367,0.9370794785534062
033333fd,4,sam2video,clean,0,3.0,1.0,1.0,1,50,0.8997096813529598,0.8628549638715549,0.8812823226122574,0,0,0.0,0,0,0,52,0,7.5074872970581055,50,50,1,P1,0.8997096813529598,0.8628549638715549,0.8812823226122574
033333fd,5,sam2video,clean,0,3.0,1.0,1.0,1,37,0.7613943401,0.8162185931,0.7888064666,0,0,0.0,0,0,0,52,0,7.528408527374268,29,50,1.275862069,P1,0.5967685368306751,0.6397388973129212,0.6182537170717981
033333fd,6,sam2video,clean,0,3.0,1.0,1.0,1,50,0.8906815683005683,0.8584827462621014,0.8745821572813348,0,0,0.0,0,0,0,52,0,7.5598671436309814,50,50,1,P1,0.8906815683005683,0.8584827462621014,0.8745821572813348
033333fd,1,sam2video,fog,0,3.0,2.999999761581421,3.89644455909729,1,49,0.9585143105856125,0.7717598682875174,0.865137089436565,0,0,0.0,0,0,0,52,0,7.505772590637207,49,50,1,P1,0.9585143105856125,0.7717598682875174,0.865137089436565
033333fd,2,sam2video,fog,0,3.0,2.999999761581421,3.89644455909729,1,50,0.9283285800703192,0.7426464597085588,0.8354875198894389,0,0,0.0,0,0,0,52,0,7.498076438903809,50,50,1,P1,0.9283285800703192,0.7426464597085588,0.8354875198894389
033333fd,3,sam2video,fog,0,3.0,2.999999761581421,3.89644455909729,1,2,0.9017857142857143,0.953125,0.9274553571428572,0,0,0.0,0,0,0,52,0,7.4845802783966064,2,50,1,P1,0.9017857142857143,0.953125,0.9274553571428572
033333fd,4,sam2video,fog,0,3.0,2.999999761581421,3.89644455909729,1,50,0.8445372611130502,0.7997256877831569,0.8221314744481035,0,0,0.0,0,0,0,52,0,7.591209173202515,50,50,1,P1,0.8445372611130502,0.7997256877831569,0.8221314744481035
033333fd,5,sam2video,fog,0,3.0,2.999999761581421,3.89644455909729,1,38,0.7500021974,0.8083132438,0.7791577206,0,0,0.0,0,0,0,52,0,7.7109363079071045,29,50,1.310344828,P1,0.5723700979893196,0.6168706333989156,0.5946203656941176
033333fd,6,sam2video,fog,0,3.0,2.999999761581421,3.89644455909729,1,50,0.8737320603188174,0.8427657558657171,0.8582489080922673,0,0,0.0,0,0,0,52,0,7.607652902603149,50,50,1,P1,0.8737320603188174,0.8427657558657171,0.8582489080922673
033333fd,1,sam2video,sensor_noise,0,3.0,2.999999761581421,3.89644455909729,1,49,0.9671224106703101,0.8176456786374624,0.8923840446538862,0,0,0.0,0,0,0,52,0,7.625810146331787,49,50,1,P1,0.9671224106703101,0.8176456786374624,0.8923840446538862
033333fd,2,sam2video,sensor_noise,0,3.0,2.999999761581421,3.89644455909729,1,50,0.9458919085054507,0.7933747884485015,0.869633348476976,0,0,0.0,0,0,0,52,0,7.633235692977905,50,50,1,P1,0.9458919085054507,0.7933747884485015,0.869633348476976
033333fd,3,sam2video,sensor_noise,0,3.0,2.999999761581421,3.89644455909729,1,3,0.9159292035,0.9517133956,0.9338212996,0,0,0.0,0,0,0,52,0,7.645501136779785,2,50,1.5,P1,0.6106194690265486,0.6344755970924195,0.6225475330594841
033333fd,4,sam2video,sensor_noise,0,3.0,2.999999761581421,3.89644455909729,1,50,0.882326139151298,0.8415522841129851,0.8619392116321416,0,0,0.0,0,0,0,52,0,7.5678675174713135,50,50,1,P1,0.882326139151298,0.8415522841129851,0.8619392116321416
033333fd,5,sam2video,sensor_noise,0,3.0,2.999999761581421,3.89644455909729,1,40,0.7601395869,0.8209399367,0.7905397618,0,0,0.0,0,0,0,52,0,7.5914225578308105,29,50,1.379310345,P1,0.5511012004737125,0.5951814541032234,0.573141327288468
033333fd,6,sam2video,sensor_noise,0,3.0,2.999999761581421,3.89644455909729,1,50,0.878690304430381,0.8482072500060392,0.8634487772182101,0,0,0.0,0,0,0,52,0,7.80470085144043,50,50,1,P1,0.878690304430381,0.8482072500060392,0.8634487772182101
033333fd,1,sam2video,C1_fog_noise,1,3.0,2.999999761581421,3.89644455909729,1,49,0.9176053155593532,0.60325771630588,0.7604315159326166,0,0,0.0,0,0,0,52,0,7.835370779037476,49,50,1,P1,0.9176053155593532,0.60325771630588,0.7604315159326166
033333fd,2,sam2video,C1_fog_noise,1,3.0,2.999999761581421,3.89644455909729,1,50,0.841470156074396,0.5677653461095921,0.704617751091994,0,0,0.0,0,0,0,52,0,7.736002206802368,50,50,1,P1,0.841470156074396,0.5677653461095921,0.704617751091994
033333fd,3,sam2video,C1_fog_noise,1,3.0,2.999999761581421,3.89644455909729,1,3,0.5,0.5,0.5,0,0,0.0,0,0,0,52,0,7.627293586730957,2,50,1.5,P1,0.3333333333333333,0.3333333333333333,0.3333333333333333
033333fd,4,sam2video,C1_fog_noise,1,3.0,2.999999761581421,3.89644455909729,1,50,0.1678259334844612,0.15522706820936838,0.16152650084691478,0,0,0.0,0,0,0,52,0,7.57304310798645,50,50,1,P1,0.1678259334844612,0.15522706820936838,0.16152650084691478
033333fd,5,sam2video,C1_fog_noise,1,3.0,2.999999761581421,3.89644455909729,1,41,0.1858378741,0.1796859362,0.1827619051,0,0,0.0,0,0,0,52,0,7.529242277145386,29,50,1.413793103,P1,0.13144630119131126,0.12709493046096537,0.1292706158261383
033333fd,6,sam2video,C1_fog_noise,1,3.0,2.999999761581421,3.89644455909729,1,50,0.16182152858980633,0.14936953229450334,0.15559553044215485,0,0,0.0,0,0,0,52,0,7.518104076385498,50,50,1,P1,0.16182152858980633,0.14936953229450334,0.15559553044215485
0367af42,1,sam2video,clean,0,3.0,1.0,1.0,1,22,0.8605412464200395,0.908099890279702,0.8843205683498707,0,0,0.0,0,0,0,29,0,4.057543516159058,22,27,1,P1,0.8605412464200395,0.908099890279702,0.8843205683498707
0367af42,1,sam2video,fog,0,3.0,3.028353691101074,3.8977746963500977,1,22,0.8339220171073805,0.8912058596682122,0.8625639383877963,0,0,0.0,0,0,0,29,0,4.04227614402771,22,27,1,P1,0.8339220171073805,0.8912058596682122,0.8625639383877963
0367af42,1,sam2video,sensor_noise,0,3.0,3.028353691101074,3.8977746963500977,1,22,0.845196383520385,0.8972116241917628,0.8712040038560739,0,0,0.0,0,0,0,29,0,4.072228193283081,22,27,1,P1,0.845196383520385,0.8972116241917628,0.8712040038560739
0367af42,1,sam2video,C1_fog_noise,1,3.0,3.028353691101074,3.8977746963500977,1,22,0.045454545454545456,0.045454545454545456,0.045454545454545456,0,0,0.0,0,0,0,29,0,4.049464225769043,22,27,1,P1,0.045454545454545456,0.045454545454545456,0.045454545454545456
03c21af7,1,sam2video,clean,0,3.0,1.0,1.0,1,36,0.9529856013583493,0.8618904482133987,0.907438024785874,0,0,0.0,0,0,0,38,0,5.4222071170806885,36,36,1,P1,0.9529856013583493,0.8618904482133987,0.907438024785874
03c21af7,2,sam2video,clean,0,3.0,1.0,1.0,1,36,0.8994487958107542,0.7831470552667198,0.841297925538737,0,0,0.0,0,0,0,38,0,5.393528461456299,36,36,1,P1,0.8994487958107542,0.7831470552667198,0.841297925538737
03c21af7,3,sam2video,clean,0,3.0,1.0,1.0,1,36,0.8328949998474172,0.6912049176168522,0.7620499587321348,0,0,0.0,0,0,0,38,0,5.412184476852417,36,36,1,P1,0.8328949998474172,0.6912049176168522,0.7620499587321348
03c21af7,4,sam2video,clean,0,3.0,1.0,1.0,1,36,0.8048540311071734,0.7328370149458178,0.7688455230264956,0,0,0.0,0,0,0,38,0,5.457971572875977,36,36,1,P1,0.8048540311071734,0.7328370149458178,0.7688455230264956
03c21af7,1,sam2video,fog,0,3.0,3.0,3.8992528915405273,1,36,0.9434708983238694,0.8344705446390972,0.8889707214814833,0,0,0.0,0,0,0,38,0,5.434834957122803,36,36,1,P1,0.9434708983238694,0.8344705446390972,0.8889707214814833
03c21af7,2,sam2video,fog,0,3.0,3.0,3.8992528915405273,1,36,0.8834208661957176,0.7560778188878943,0.8197493425418059,0,0,0.0,0,0,0,38,0,5.432682514190674,36,36,1,P1,0.8834208661957176,0.7560778188878943,0.8197493425418059
03c21af7,3,sam2video,fog,0,3.0,3.0,3.8992528915405273,1,36,0.7695672707312939,0.6186362196947857,0.6941017452130398,0,0,0.0,0,0,0,38,0,5.409061431884766,36,36,1,P1,0.7695672707312939,0.6186362196947857,0.6941017452130398
03c21af7,4,sam2video,fog,0,3.0,3.0,3.8992528915405273,1,36,0.769406505920108,0.6825846892428596,0.7259955975814838,0,0,0.0,0,0,0,38,0,5.456222295761108,36,36,1,P1,0.769406505920108,0.6825846892428596,0.7259955975814838
03c21af7,1,sam2video,sensor_noise,0,3.0,3.0,3.8992528915405273,1,36,0.9485738862302215,0.8526877350314322,0.900630810630827,0,0,0.0,0,0,0,38,0,5.46377968788147,36,36,1,P1,0.9485738862302215,0.8526877350314322,0.900630810630827
03c21af7,2,sam2video,sensor_noise,0,3.0,3.0,3.8992528915405273,1,36,0.8911732151602995,0.7751178611815107,0.8331455381709051,0,0,0.0,0,0,0,38,0,5.465772390365601,36,36,1,P1,0.8911732151602995,0.7751178611815107,0.8331455381709051
03c21af7,3,sam2video,sensor_noise,0,3.0,3.0,3.8992528915405273,1,36,0.7889479075143014,0.6423516448946929,0.7156497762044971,0,0,0.0,0,0,0,38,0,5.4698326587677,36,36,1,P1,0.7889479075143014,0.6423516448946929,0.7156497762044971
03c21af7,4,sam2video,sensor_noise,0,3.0,3.0,3.8992528915405273,1,36,0.7619069784955433,0.6858128098438996,0.7238598941697214,0,0,0.0,0,0,0,38,0,5.473816394805908,36,36,1,P1,0.7619069784955433,0.6858128098438996,0.7238598941697214
03c21af7,1,sam2video,C1_fog_noise,1,3.0,3.0,3.8992528915405273,1,36,0.9001938799889678,0.7155871437286672,0.8078905118588176,0,0,0.0,0,0,0,38,0,5.423030853271484,36,36,1,P1,0.9001938799889678,0.7155871437286672,0.8078905118588176
03c21af7,2,sam2video,C1_fog_noise,1,3.0,3.0,3.8992528915405273,1,36,0.7876478721814039,0.609362458841861,0.6985051655116324,0,0,0.0,0,0,0,38,0,5.3950159549713135,36,36,1,P1,0.7876478721814039,0.609362458841861,0.6985051655116324
03c21af7,3,sam2video,C1_fog_noise,1,3.0,3.0,3.8992528915405273,1,36,0.6701015692516101,0.4836877505652068,0.5768946599084085,0,0,0.0,0,0,0,38,0,5.430099964141846,36,36,1,P1,0.6701015692516101,0.4836877505652068,0.5768946599084085
03c21af7,4,sam2video,C1_fog_noise,1,3.0,3.0,3.8992528915405273,1,36,0.6523318870067919,0.5587195593750118,0.6055257231909019,0,0,0.0,0,0,0,38,0,5.432888507843018,36,36,1,P1,0.6523318870067919,0.5587195593750118,0.6055257231909019
03c99e83,1,sam2video,clean,0,3.0,1.0,1.0,1,36,0.9265699646857326,0.6832960623999227,0.8049330135428276,0,0,0.0,0,0,0,38,0,5.4498114585876465,36,36,1,P1,0.9265699646857326,0.6832960623999227,0.8049330135428276
03c99e83,2,sam2video,clean,0,3.0,1.0,1.0,1,36,0.824945119928129,0.6752860732421733,0.7501155965851511,0,0,0.0,0,0,0,38,0,5.420455694198608,36,36,1,P1,0.824945119928129,0.6752860732421733,0.7501155965851511
03c99e83,3,sam2video,clean,0,3.0,1.0,1.0,1,25,0.9335896347787263,0.6954597605251882,0.8145246976519572,0,0,0.0,0,0,0,38,0,5.4597203731536865,25,36,1,P1,0.9335896347787263,0.6954597605251882,0.8145246976519572
03c99e83,4,sam2video,clean,0,3.0,1.0,1.0,1,36,0.6993659677062727,0.5400168330132094,0.619691400359741,0,0,0.0,0,0,0,38,0,5.459833860397339,36,36,1,P1,0.6993659677062727,0.5400168330132094,0.619691400359741
03c99e83,1,sam2video,fog,0,3.0,2.999999761581421,3.898949384689331,1,36,0.8781218631004654,0.5541436729314283,0.7161327680159468,0,0,0.0,0,0,0,38,0,5.440033912658691,36,36,1,P1,0.8781218631004654,0.5541436729314283,0.7161327680159468
03c99e83,2,sam2video,fog,0,3.0,2.999999761581421,3.898949384689331,1,36,0.6759402429991967,0.49651011676583273,0.5862251798825148,0,0,0.0,0,0,0,38,0,5.486239910125732,36,36,1,P1,0.6759402429991967,0.49651011676583273,0.5862251798825148
03c99e83,3,sam2video,fog,0,3.0,2.999999761581421,3.898949384689331,1,25,0.8918054956682622,0.5804595014788748,0.7361324985735684,0,0,0.0,0,0,0,38,0,5.63173508644104,25,36,1,P1,0.8918054956682622,0.5804595014788748,0.7361324985735684
03c99e83,4,sam2video,fog,0,3.0,2.999999761581421,3.898949384689331,1,36,0.6288442459863031,0.41284501431195875,0.520844630149131,0,0,0.0,0,0,0,38,0,5.613843202590942,36,36,1,P1,0.6288442459863031,0.41284501431195875,0.520844630149131
03c99e83,1,sam2video,sensor_noise,0,3.0,2.999999761581421,3.898949384689331,1,36,0.9071535204727229,0.6154187820621346,0.7612861512674287,0,0,0.0,0,0,0,38,0,5.500288724899292,36,36,1,P1,0.9071535204727229,0.6154187820621346,0.7612861512674287
03c99e83,2,sam2video,sensor_noise,0,3.0,2.999999761581421,3.898949384689331,1,36,0.8087059996942068,0.6480180527891501,0.7283620262416785,0,0,0.0,0,0,0,38,0,5.492098808288574,36,36,1,P1,0.8087059996942068,0.6480180527891501,0.7283620262416785
03c99e83,3,sam2video,sensor_noise,0,3.0,2.999999761581421,3.898949384689331,1,25,0.9300706500749595,0.6672407441020997,0.7986556970885296,0,0,0.0,0,0,0,38,0,5.43631386756897,25,36,1,P1,0.9300706500749595,0.6672407441020997,0.7986556970885296
03c99e83,4,sam2video,sensor_noise,0,3.0,2.999999761581421,3.898949384689331,1,36,0.6685346816810447,0.4723733716227796,0.5704540266519121,0,0,0.0,0,0,0,38,0,5.437830924987793,36,36,1,P1,0.6685346816810447,0.4723733716227796,0.5704540266519121
03c99e83,1,sam2video,C1_fog_noise,1,3.0,2.999999761581421,3.898949384689331,1,36,0.5376493576156894,0.26966856120985394,0.4036589594127717,0,0,0.0,0,0,0,38,0,5.430766582489014,36,36,1,P1,0.5376493576156894,0.26966856120985394,0.4036589594127717
03c99e83,2,sam2video,C1_fog_noise,1,3.0,2.999999761581421,3.898949384689331,1,36,0.6069521925024114,0.376267224548011,0.4916097085252112,0,0,0.0,0,0,0,38,0,5.399015188217163,36,36,1,P1,0.6069521925024114,0.376267224548011,0.4916097085252112
03c99e83,3,sam2video,C1_fog_noise,1,3.0,2.999999761581421,3.898949384689331,1,25,0.8419063334131794,0.49031133341447325,0.6661088334138263,0,0,0.0,0,0,0,38,0,5.408531904220581,25,36,1,P1,0.8419063334131794,0.49031133341447325,0.6661088334138263
03c99e83,4,sam2video,C1_fog_noise,1,3.0,2.999999761581421,3.898949384689331,1,36,0.4348043163847933,0.24781963576085098,0.34131197607282215,0,0,0.0,0,0,0,38,0,5.421099901199341,36,36,1,P1,0.4348043163847933,0.24781963576085098,0.34131197607282215
03e0f9b8,1,sam2video,clean,0,3.0,1.0,1.0,1,45,0.8745573787661309,0.7459107949349257,0.8102340868505283,0,0,0.0,0,0,0,47,0,6.766913652420044,45,45,1,P1,0.8745573787661309,0.7459107949349257,0.8102340868505283
03e0f9b8,2,sam2video,clean,0,3.0,1.0,1.0,1,43,0.871663910206463,0.579216714706682,0.7254403124565725,0,0,0.0,0,0,0,47,0,6.821235656738281,43,45,1,P1,0.871663910206463,0.579216714706682,0.7254403124565725
03e0f9b8,1,sam2video,fog,0,3.0,3.016765594482422,3.899986505508423,1,45,0.6836883185682997,0.519030087584491,0.6013592030763953,0,0,0.0,0,0,0,47,0,6.74820351600647,45,45,1,P1,0.6836883185682997,0.519030087584491,0.6013592030763953
03e0f9b8,2,sam2video,fog,0,3.0,3.016765594482422,3.899986505508423,1,43,0.6160838095756364,0.324008536368513,0.4700461729720747,0,0,0.0,0,0,0,47,0,6.7458508014678955,43,45,1,P1,0.6160838095756364,0.324008536368513,0.4700461729720747
03e0f9b8,1,sam2video,sensor_noise,0,3.0,3.016765594482422,3.899986505508423,1,45,0.8603749975364191,0.6870912375716556,0.7737331175540374,0,0,0.0,0,0,0,47,0,6.8247764110565186,45,45,1,P1,0.8603749975364191,0.6870912375716556,0.7737331175540374
03e0f9b8,2,sam2video,sensor_noise,0,3.0,3.016765594482422,3.899986505508423,1,43,0.8336124228448965,0.4946597162904362,0.6641360695676664,0,0,0.0,0,0,0,47,0,6.770290851593018,43,45,1,P1,0.8336124228448965,0.4946597162904362,0.6641360695676664
03e0f9b8,1,sam2video,C1_fog_noise,1,3.0,3.016765594482422,3.899986505508423,1,45,0.4609860253921476,0.25979833483004305,0.3603921801110953,0,0,0.0,0,0,0,47,0,6.735962390899658,45,45,1,P1,0.4609860253921476,0.25979833483004305,0.3603921801110953
03e0f9b8,2,sam2video,C1_fog_noise,1,3.0,3.016765594482422,3.899986505508423,1,45,0.06549235263,0.04571083036,0.05560159149,0,0,0.0,0,0,0,47,0,6.712175369262695,43,45,1.046511628,P1,0.0625815813986761,0.04367923790089181,0.05313040964978395
