degradation,level,mode,J&F_mean,ci_lo,ci_hi,n
fog,1.0,dagrs,0.672342583871088,0.5891780710770156,0.7502096913979591,30
fog,1.0,greedy,0.6707055140965752,0.5897680725914393,0.7451503292527386,30
fog,1.0,sam2video,0.8349942334194725,0.7932981181564157,0.869282556196305,30
fog,2.0,dagrs,0.6786935424957371,0.6006124081581666,0.749817630581303,30
fog,2.0,greedy,0.6683282526546194,0.5922053950162417,0.7391862514967261,30
fog,2.0,sam2video,0.8263677821530856,0.7861629250268631,0.8600782791851432,30
fog,3.0,dagrs,0.6537443369916573,0.58181415897772,0.7215955168964677,30
fog,3.0,greedy,0.6418780473513144,0.5735009769103596,0.706696493164477,30
fog,3.0,sam2video,0.8031528614754049,0.7625459232231097,0.8375897090393853,30
fog,4.0,dagrs,0.6019258090477825,0.5367744363899861,0.6665168690690902,30
fog,4.0,greedy,0.5749263583375455,0.5138777576353051,0.6377468031206033,30
fog,4.0,sam2video,0.7568402417394082,0.7139160923707528,0.7948973798776799,30
fog,5.0,dagrs,0.5725801204922487,0.5096880622070116,0.6347548900366541,30
fog,5.0,greedy,0.535969754234728,0.47395216829692033,0.6005696632795444,30
fog,5.0,sam2video,0.7273538888587959,0.6804957093385803,0.7696257024924509,30
sensor_noise,1.0,dagrs,0.6899671737300217,0.6163011196626157,0.7564093993516414,30
sensor_noise,1.0,greedy,0.6672941054126921,0.5870978145692068,0.741933281462314,30
sensor_noise,1.0,sam2video,0.8366569788236621,0.7940732628427942,0.8714419388421258,30
sensor_noise,2.0,dagrs,0.6743748186586002,0.5927378477999161,0.7485101363445082,30
sensor_noise,2.0,greedy,0.6544742162031113,0.5749054425725235,0.7287132695384795,30
sensor_noise,2.0,sam2video,0.8316798092639673,0.7915887874930516,0.8652074722891715,30
sensor_noise,3.0,dagrs,0.667380356514294,0.5865387146063498,0.74083735944611,30
sensor_noise,3.0,greedy,0.6529276327684642,0.5737742967313937,0.7281685469407189,30
sensor_noise,3.0,sam2video,0.8198757489843695,0.7788707004353156,0.8545614640381154,30
sensor_noise,4.0,dagrs,0.6457262618598747,0.5666664152123817,0.719065044458074,30
sensor_noise,4.0,greedy,0.6408999812306533,0.5613787240722524,0.7147509035138653,30
sensor_noise,4.0,sam2video,0.8093390295768962,0.7678906159749735,0.8443455996058324,30
sensor_noise,5.0,dagrs,0.6455680676492269,0.5675337259359073,0.7187306497276202,30
sensor_noise,5.0,greedy,0.6329921736683383,0.5554429085871276,0.7065372852705217,30
sensor_noise,5.0,sam2video,0.8031290733050815,0.7612334810760106,0.8386202020351493,30
C1_fog_noise,1.0,dagrs,0.7032826261619296,0.6405099077237212,0.761960375453623,30
C1_fog_noise,1.0,greedy,0.6602001245827629,0.5780467590732176,0.7354110547878561,30
C1_fog_noise,1.0,sam2video,0.8331437642563297,0.7936559393621816,0.8661920970539044,30
C1_fog_noise,2.0,dagrs,0.617852198992043,0.5412819715552647,0.6890317402782875,30
C1_fog_noise,2.0,greedy,0.6139975114146992,0.5420155485922664,0.684054392226653,30
C1_fog_noise,2.0,sam2video,0.7843869322593165,0.744409764197414,0.8193676957138311,30
C1_fog_noise,3.0,dagrs,0.4622172041798192,0.3969392399893262,0.5279668459945804,30
C1_fog_noise,3.0,greedy,0.4881308101873479,0.42580732385027437,0.551899190384395,30
C1_fog_noise,3.0,sam2video,0.639808206207324,0.5908516194642881,0.6869341378480412,30
C1_fog_noise,4.0,dagrs,0.2783336918335368,0.2328628021856664,0.32511888935838595,30
C1_fog_noise,4.0,greedy,0.2914597873406184,0.24668150912841935,0.3390475282515311,30
C1_fog_noise,4.0,sam2video,0.43974139593312966,0.3894006032678211,0.48932074960291255,30
C1_fog_noise,5.0,dagrs,0.22757356508300794,0.18973791129150244,0.2679912551605289,30
C1_fog_noise,5.0,greedy,0.23377679116630834,0.1939379805052274,0.27537503567931343,30
C1_fog_noise,5.0,sam2video,0.31724554398155674,0.26439651324722985,0.3715863561024564,30
