seq,mode,degradation,level,n_frames,encoder_calls,walls_s,fps,gpu_peak_mb,J&F,rel_cost
bike-packing,sam2video,fog,4.0,69.0,71.0,35.782798290252686,1.9283008399819797,8048.44384765625,0.7399665313927697,1.0441176470588236
bike-packing,greedy,fog,4.0,69.0,68.0,35.076250076293945,1.9671430055926418,2720.70703125,0.4867863733951596,1.0
bike-packing,dagrs,fog,4.0,69.0,138.0,105.23787522315979,0.6556574793408135,2720.70703125,0.6068603143302227,2.0294117647058822
bike-packing,dagrs_no_reanchor,fog,4.0,69.0,111.0,94.61503148078918,0.7292710145534316,2720.70703125,0.5409793844777342,1.6323529411764706
blackswan,sam2video,fog,4.0,50.0,52.0,8.499701261520386,5.882559687874988,8058.89697265625,0.8029374047598759,1.0612244897959184
blackswan,greedy,fog,4.0,50.0,49.0,12.181137084960938,4.104707109956996,2720.70703125,0.7525919577980658,1.0
blackswan,dagrs,fog,4.0,50.0,88.0,19.392528772354126,2.5783125340146307,2720.70703125,0.7993173260342983,1.7959183673469388
blackswan,dagrs_no_reanchor,fog,4.0,50.0,79.0,18.369052171707153,2.7219695133215565,2720.70703125,0.7908781283117892,1.6122448979591837
bmx-trees,sam2video,fog,4.0,80.0,82.0,28.13693881034851,2.8432375156097907,8057.97509765625,0.6401238499088928,1.0379746835443038
bmx-trees,greedy,fog,4.0,80.0,79.0,39.65225315093994,2.0175398279505745,2720.70703125,0.36305003127038527,1.0
bmx-trees,dagrs,fog,4.0,80.0,224.0,157.0387089252472,0.5094285386546397,2720.70703125,0.37776942982860184,2.8354430379746836
bmx-trees,dagrs_no_reanchor,fog,4.0,80.0,176.0,134.30192303657532,0.5956727810830608,2720.70703125,0.3994000564635914,2.2278481012658227
breakdance,sam2video,fog,4.0,84.0,86.0,14.456157684326172,5.810672644438258,8057.97509765625,0.8466081183293019,1.036144578313253
breakdance,greedy,fog,4.0,84.0,83.0,21.698610067367554,3.8712157017986715,2720.70703125,0.44943626558775357,1.0
breakdance,dagrs,fog,4.0,84.0,311.0,69.63557767868042,1.2062799333352465,2720.70703125,0.6830498199259855,3.746987951807229
breakdance,dagrs_no_reanchor,fog,4.0,84.0,257.0,61.86713743209839,1.3577482891008703,2720.70703125,0.44314146663344023,3.0963855421686746
camel,sam2video,fog,4.0,90.0,92.0,15.325072526931763,5.872729139900451,8060.00634765625,0.9206495178423711,1.0337078651685394
camel,greedy,fog,4.0,90.0,89.0,22.419458389282227,4.014369947626617,2720.70703125,0.8969940065479074,1.0
camel,dagrs,fog,4.0,90.0,135.0,34.642563819885254,2.5979601414009346,2720.70703125,0.9107982465266528,1.5168539325842696
camel,dagrs_no_reanchor,fog,4.0,90.0,135.0,34.403151988983154,2.6160393683933525,2720.70703125,0.9107982465266528,1.5168539325842696
car-roundabout,sam2video,fog,4.0,75.0,77.0,12.590031623840332,5.957093853361012,8059.91259765625,0.9158604575030651,1.0405405405405406
car-roundabout,greedy,fog,4.0,75.0,74.0,18.625327825546265,4.026774760824932,2720.70703125,0.7282884819266856,1.0
car-roundabout,dagrs,fog,4.0,75.0,114.0,26.691226720809937,2.809912065282706,2720.70703125,0.7208700122847176,1.5405405405405406
car-roundabout,dagrs_no_reanchor,fog,4.0,75.0,114.0,26.618322610855103,2.8176080475264276,2720.70703125,0.7208700122847176,1.5405405405405406
car-shadow,sam2video,fog,4.0,40.0,42.0,6.667285442352295,5.999443153567389,8057.97509765625,0.8961849887381279,1.0769230769230769
car-shadow,greedy,fog,4.0,40.0,39.0,9.801280736923218,4.081099304636044,2720.70703125,0.8947478914935838,1.0
car-shadow,dagrs,fog,4.0,40.0,65.0,14.999511241912842,2.666753559824588,2720.70703125,0.8809300799456341,1.6666666666666667
car-shadow,dagrs_no_reanchor,fog,4.0,40.0,65.0,14.739800453186035,2.713740944257758,2720.70703125,0.8809300799456341,1.6666666666666667
cows,sam2video,fog,4.0,104.0,106.0,17.700958967208862,5.875387892410838,8060.00634765625,0.8901045002298202,1.029126213592233
cows,greedy,fog,4.0,104.0,103.0,25.525007247924805,4.074435669688409,2720.70703125,0.8596037114809196,1.0
cows,dagrs,fog,4.0,104.0,155.0,136.33250832557678,0.7628408020751496,2720.70703125,0.8876371891227082,1.5048543689320388
cows,dagrs_no_reanchor,fog,4.0,104.0,155.0,135.41379261016846,0.7680163002257605,2720.70703125,0.8876371891227082,1.5048543689320388
dance-twirl,sam2video,fog,4.0,90.0,92.0,15.1041100025177,5.958643043846869,8060.00634765625,0.8166764019913422,1.0337078651685394
dance-twirl,greedy,fog,4.0,90.0,89.0,21.935974597930908,4.102849390083136,2720.70703125,0.7585389419368751,1.0
dance-twirl,dagrs,fog,4.0,90.0,190.0,44.69559860229492,2.013621090542434,2720.70703125,0.8127184595251158,2.134831460674157
dance-twirl,dagrs_no_reanchor,fog,4.0,90.0,145.0,38.187660217285156,2.3567822560457015,2720.70703125,0.8066669179361741,1.6292134831460674
dog,sam2video,fog,4.0,60.0,62.0,10.1559419631958,5.907871492121014,8060.00634765625,0.7769248531730488,1.0508474576271187
dog,greedy,fog,4.0,60.0,59.0,14.881558656692505,4.031835736038101,2720.70703125,0.7078926462193598,1.0
dog,dagrs,fog,4.0,60.0,120.0,23.825798749923706,2.5182786369414845,2720.70703125,0.6912758980766367,2.0338983050847457
dog,dagrs_no_reanchor,fog,4.0,60.0,93.0,20.446557760238647,2.934479275366285,2720.70703125,0.673457405613394,1.576271186440678
