degradation,level,dagrs,greedy,sam2video,d_dagrs,d_greedy,d_sam2video
C1_fog_noise,3.0,0.4622172041798192,0.4881308101873479,0.639808206207324,-0.025913606007528678,0.0,0.15167739601997615
C2_lowlight_blur,3.0,0.5263986241685521,0.52938710352916,0.6808997220566457,-0.0029884793606078652,0.0,0.15151261852748577
C3_rain_snow,3.0,0.5899558232882195,0.5958335996297383,0.7570510420542713,-0.005877776341518759,0.0,0.16121744242453306
C4_fog_blur_noise,3.0,0.3305389488994002,0.3446879122212106,0.4512595354894166,-0.01414896332181037,0.0,0.10657162326820602
clean,1.0,0.6829634800575956,0.6803287322599486,0.8392589625054908,0.0026347477976469413,0.0,0.1589302302455422
dust,3.0,0.6829837630388678,0.6838107313614414,0.8285078809798279,-0.0008269683225736735,0.0,0.14469714961838642
fog,3.0,0.6537443369916573,0.6418780473513144,0.8031528614754049,0.011866289640342975,0.0,0.1612748141240905
lowlight,3.0,0.6136236840046243,0.6055245353226337,0.7878930649258162,0.008099148681990576,0.0,0.1823685296031825
motion_blur,3.0,0.5793120589140244,0.59380749279516,0.7341652723679118,-0.014495433881135611,0.0,0.14035777957275186
rain,3.0,0.6693163821716103,0.6485270037505967,0.8106762332461205,0.020789378421013582,0.0,0.1621492294955238
sensor_noise,3.0,0.667380356514294,0.6529276327684642,0.8198757489843695,0.014452723745829732,0.0,0.16694811621590533
snow,3.0,0.6726302706691455,0.650294705558792,0.8192742919126071,0.022335565110353506,0.0,0.16897958635381516
underwater,3.0,0.6515549702565394,0.6434620434983329,0.8166188809209779,0.008092926758206498,0.0,0.17315683742264498
