degradation,level,mode,J&F_mean,J&F_std,n,ci_lo,ci_hi
C1_fog_noise,3.0,dagrs,0.4622172041798192,0.18928339997428992,30,0.39679062046299424,0.5279668459945804
C1_fog_noise,3.0,greedy,0.4881308101873479,0.18064757397063644,30,0.425616169820242,0.5502513311041344
C1_fog_noise,3.0,sam2video,0.639808206207324,0.13483469708552542,30,0.5908969653148362,0.6868528889786595
C2_lowlight_blur,3.0,dagrs,0.5263986241685521,0.18548026259324576,30,0.46102910719936263,0.590643582593563
C2_lowlight_blur,3.0,greedy,0.52938710352916,0.18838254554262948,30,0.4629619003633962,0.5943760701081107
C2_lowlight_blur,3.0,sam2video,0.6808997220566457,0.1251484769885607,30,0.6350005406829387,0.7241711392167812
C3_rain_snow,3.0,dagrs,0.5899558232882195,0.19960498459687595,30,0.5168342004004767,0.6585890639282931
C3_rain_snow,3.0,greedy,0.5958335996297383,0.18736509504917673,30,0.5286147254717212,0.6616942712887266
C3_rain_snow,3.0,sam2video,0.7570510420542713,0.11513924102256502,30,0.713912873080483,0.795355846594774
C4_fog_blur_noise,3.0,dagrs,0.3305389488994002,0.15007409159275883,30,0.2789899756044774,0.38441923864879884
C4_fog_blur_noise,3.0,greedy,0.3446879122212106,0.12440745038664268,30,0.3016675685800056,0.38902183590840855
C4_fog_blur_noise,3.0,sam2video,0.4512595354894166,0.14563225625791254,30,0.40002562458498647,0.5012578204636756
clean,1.0,dagrs,0.6829634800575956,0.2139895010846605,30,0.6039200293008508,0.7540988591202927
clean,1.0,greedy,0.6803287322599486,0.21316657217765753,30,0.6017054980101316,0.7503589030973897
clean,1.0,sam2video,0.8392589625054908,0.10497591372573709,30,0.7983103760838225,0.8724874771966609
dust,3.0,dagrs,0.6829837630388678,0.20622854959369488,30,0.6059184646740988,0.7534519207308624
dust,3.0,greedy,0.6838107313614414,0.20883093897200797,30,0.6057559574332543,0.7544740186488029
dust,3.0,sam2video,0.8285078809798279,0.10529860340466723,30,0.7873025159808267,0.8625409047177953
fog,3.0,dagrs,0.6537443369916573,0.19404465995974252,30,0.5821197215562011,0.7205991844805472
fog,3.0,greedy,0.6418780473513144,0.18582129598176678,30,0.5736711241001713,0.7065545812162414
fog,3.0,sam2video,0.8031528614754049,0.10473241924852918,30,0.7629443452045463,0.8375477270653501
lowlight,3.0,dagrs,0.6136236840046243,0.22046507350766723,30,0.5330329718759863,0.6881801902316396
lowlight,3.0,greedy,0.6055245353226337,0.2220633635841272,30,0.5245270657454222,0.6816568970267701
lowlight,3.0,sam2video,0.7878930649258162,0.10708042896111186,30,0.7474394990150963,0.8242550702023823
motion_blur,3.0,dagrs,0.5793120589140244,0.20049530222627712,30,0.5059806725198606,0.647770674797455
motion_blur,3.0,greedy,0.59380749279516,0.19251442069692262,30,0.5235301518247886,0.6599441820843921
motion_blur,3.0,sam2video,0.7341652723679118,0.10709675996503679,30,0.6937354708555498,0.7693154469705088
rain,3.0,dagrs,0.6693163821716103,0.19574554778538122,30,0.5963690685460322,0.7359530983636261
rain,3.0,greedy,0.6485270037505967,0.20177841809796349,30,0.5743299921896119,0.7178479275110558
rain,3.0,sam2video,0.8106762332461205,0.11011310566854061,30,0.7680917335482073,0.8465440780270113
sensor_noise,3.0,dagrs,0.667380356514294,0.21607434896477123,30,0.5857453145152802,0.7392603000106832
sensor_noise,3.0,greedy,0.6529276327684642,0.21838360539737572,30,0.5728322836189467,0.726924699120283
sensor_noise,3.0,sam2video,0.8198757489843695,0.10565851617449537,30,0.7790564970383834,0.8543361216705578
snow,3.0,dagrs,0.6726302706691455,0.21349755567816417,30,0.5925744010889734,0.7438518037703159
snow,3.0,greedy,0.650294705558792,0.21382149691933441,30,0.5730391389724729,0.7226444851322632
snow,3.0,sam2video,0.8192742919126071,0.10801702990337189,30,0.7770067030725125,0.8542916754346795
underwater,3.0,dagrs,0.6515549702565394,0.20849194702853766,30,0.5746060495190919,0.7230360777656112
underwater,3.0,greedy,0.6434620434983329,0.2137443883878953,30,0.5646804795848619,0.7169917891658568
underwater,3.0,sam2video,0.8166188809209779,0.10792167536529984,30,0.7750867196828891,0.852054531433649
