degradation,level,mode,J&F,retention
C1_fog_noise,3.0,dagrs,0.4622172041798192,0.6767817279788366
C1_fog_noise,3.0,greedy,0.4881308101873479,0.7174925694610186
C1_fog_noise,3.0,sam2video,0.639808206207324,0.7623489706886962
C2_lowlight_blur,3.0,dagrs,0.5263986241685521,0.7707566210189745
C2_lowlight_blur,3.0,greedy,0.52938710352916,0.778134273075042
C2_lowlight_blur,3.0,sam2video,0.6808997220566457,0.8113106353060733
C3_rain_snow,3.0,dagrs,0.5899558232882195,0.8638175254092173
C3_rain_snow,3.0,greedy,0.5958335996297383,0.8758024927897278
C3_rain_snow,3.0,sam2video,0.7570510420542713,0.9020470151360681
C4_fog_blur_noise,3.0,dagrs,0.3305389488994002,0.4839774871586476
C4_fog_blur_noise,3.0,greedy,0.3446879122212106,0.5066490593102099
C4_fog_blur_noise,3.0,sam2video,0.4512595354894166,0.5376880744201338
clean,1.0,dagrs,0.6829634800575956,1.0
clean,1.0,greedy,0.6803287322599486,1.0
clean,1.0,sam2video,0.8392589625054908,1.0
dust,3.0,dagrs,0.6829837630388678,1.0000296984858847
dust,3.0,greedy,0.6838107313614414,1.0051181126658082
dust,3.0,sam2video,0.8285078809798279,0.9871897924169113
fog,3.0,dagrs,0.6537443369916573,0.9572171222632957
fog,3.0,greedy,0.6418780473513144,0.9434821975239721
fog,3.0,sam2video,0.8031528614754049,0.9569785934459416
lowlight,3.0,dagrs,0.6136236840046243,0.8984721759249503
lowlight,3.0,greedy,0.6055245353226337,0.8900469825979175
lowlight,3.0,sam2video,0.7878930649258162,0.9387961286390927
motion_blur,3.0,dagrs,0.5793120589140244,0.8482328496761934
motion_blur,3.0,greedy,0.59380749279516,0.8728243636317135
motion_blur,3.0,sam2video,0.7341652723679118,0.8747779948350669
rain,3.0,dagrs,0.6693163821716103,0.9800178219121842
rain,3.0,greedy,0.6485270037505967,0.9532553499486764
rain,3.0,sam2video,0.8106762332461205,0.9659428966072158
sensor_noise,3.0,dagrs,0.667380356514294,0.9771830793324594
sensor_noise,3.0,greedy,0.6529276327684642,0.9597237361996133
sensor_noise,3.0,sam2video,0.8198757489843695,0.976904371133249
snow,3.0,dagrs,0.6726302706691455,0.9848700410927117
snow,3.0,greedy,0.650294705558792,0.9558536553330798
snow,3.0,sam2video,0.8192742919126071,0.9761877185878096
underwater,3.0,dagrs,0.6515549702565394,0.9540114358700301
underwater,3.0,greedy,0.6434620434983329,0.9458104780623476
underwater,3.0,sam2video,0.8166188809209779,0.973023723789706
